sub,Auditory,CinguloOpercular/Action-mode,Default_Anterolateral,Default_Dorsolateral,Default_Parietal,Default_Retrosplenial,DorsalAttention,Frontoparietal,Language,MedialParietal,Premotor/DorsalAttentionII,Salience,SomatoCognitiveAction,Somatomotor_Face,Somatomotor_Foot,Somatomotor_Hand,Visual_Dorsal/VentralStream,Visual_Lateral,Visual_V1,Visual_V5
001,3.33,5.99,5.34,6.11,3.44,7.38,8.17,20.34,2.69,2.40,1.82,5.08,1.48,2.05,3.24,1.45,4.56,9.58,3.47,2.08
002,3.56,17.88,4.48,6.46,7.97,6.50,3.63,4.20,6.61,1.91,3.87,3.59,0.30,3.29,4.18,3.18,4.43,8.21,4.85,0.91
003,4.38,21.00,4.26,3.69,6.73,4.21,6.38,5.92,8.03,1.55,4.88,3.96,0.63,3.88,3.07,2.05,3.00,7.72,2.90,1.76
004,4.85,8.06,5.85,7.43,10.36,4.19,6.86,8.68,7.01,2.55,4.14,3.63,0.98,1.98,2.75,2.94,5.85,8.70,2.87,0.32
005,3.31,17.89,3.99,4.31,7.40,1.42,7.41,8.10,7.49,1.13,3.65,5.41,0.75,2.69,2.58,2.27,4.39,9.00,5.49,1.34
007,5.21,9.90,7.04,6.43,12.77,5.14,5.37,7.14,6.81,3.10,4.53,3.24,0.14,3.27,3.65,1.19,1.97,7.32,4.32,1.46
008,4.35,18.14,3.17,4.42,4.66,4.47,3.39,14.27,5.77,3.51,2.77,3.94,1.19,2.01,2.73,3.10,4.42,8.96,3.33,1.42
009,3.40,16.63,7.63,4.88,8.91,2.89,8.03,3.12,6.93,1.20,3.54,5.64,0.73,2.43,3.58,2.13,4.72,8.88,3.96,0.77
010,4.25,12.50,3.34,4.40,6.48,6.13,6.36,21.58,3.46,1.68,1.58,0.50,0.07,4.91,3.85,1.81,5.15,6.04,4.57,1.35
011,4.45,18.28,5.84,2.20,5.35,5.14,7.19,6.94,2.85,2.38,2.73,4.82,1.07,2.84,4.06,2.32,6.51,9.10,5.24,0.70
012,4.15,17.70,4.19,2.07,6.89,6.13,10.06,11.29,2.38,2.32,3.50,2.59,0.47,3.44,4.12,1.77,3.54,6.73,5.28,1.36
013,5.32,18.74,4.32,2.80,4.91,5.20,11.16,5.07,6.01,0.72,3.93,5.75,1.26,1.39,3.70,1.36,5.97,7.92,3.55,0.93
014,6.22,12.95,4.02,1.38,10.14,7.56,10.73,11.19,3.10,2.33,2.87,2.02,0.72,2.77,3.46,1.45,3.78,6.66,6.07,0.57
018,5.25,11.69,5.10,3.67,4.92,6.90,8.34,9.69,4.42,1.32,2.09,3.89,2.32,2.62,3.74,2.34,6.27,9.00,5.06,1.40
019,5.17,18.47,4.83,6.55,6.33,5.88,9.60,7.22,1.99,1.52,4.76,1.53,0.63,2.96,2.69,2.22,4.42,9.59,2.44,1.21
020,4.61,15.46,5.90,2.15,8.83,2.62,5.67,9.50,6.80,0.82,3.56,4.37,0.20,2.38,3.68,4.55,4.59,8.84,3.60,1.84
021,4.78,13.77,3.23,5.43,9.04,5.36,6.50,8.06,7.23,0.69,2.83,3.30,0.52,3.73,2.78,3.60,3.34,11.07,3.87,0.87
022,3.72,15.05,4.59,1.82,12.67,4.68,3.67,7.70,6.61,1.99,3.28,2.62,1.45,3.00,1.49,2.86,7.43,9.24,3.73,2.40
024,2.71,17.99,3.04,2.42,6.17,4.16,9.28,6.09,8.89,1.43,5.50,5.04,2.63,2.72,3.73,2.77,3.77,5.92,4.43,1.29
026,5.94,9.81,5.45,3.02,8.14,3.90,6.72,3.95,11.98,1.23,3.48,3.89,1.30,3.42,6.39,1.72,6.06,8.86,3.96,0.79
027,4.22,26.03,8.24,3.45,4.14,2.61,3.20,11.52,3.51,1.29,3.19,1.53,1.28,1.39,1.97,3.49,4.03,9.19,4.39,1.34
029,5.14,14.46,3.20,3.39,9.71,12.91,8.09,10.66,4.64,0.47,2.39,2.11,1.36,2.48,2.79,2.10,2.33,7.57,3.08,1.11
030,2.77,18.72,1.48,3.29,6.52,9.19,7.31,8.74,4.98,2.53,3.81,6.60,0.92,1.58,4.35,0.75,2.82,10.03,3.52,0.09
032,3.92,24.99,2.66,0.29,7.85,5.73,12.23,9.26,4.14,0.71,3.71,0.73,0.28,2.95,3.39,1.98,5.21,6.79,2.51,0.68
033,5.39,17.86,0.99,3.75,5.16,5.02,9.42,13.06,2.84,2.17,4.02,3.57,1.27,3.39,2.72,3.23,3.57,5.84,5.61,1.12
034,5.69,14.27,3.06,2.16,9.76,4.16,11.17,7.52,4.14,0.95,4.06,3.94,0.99,3.59,3.64,1.89,7.00,6.76,3.88,1.37
035,3.70,13.02,3.94,3.93,6.29,5.12,7.25,13.13,5.98,0.48,5.55,2.63,0.18,4.17,3.65,1.83,5.26,8.30,3.83,1.77
037,3.88,15.22,3.92,4.63,6.72,4.72,11.38,5.35,5.33,1.81,5.60,3.97,0.30,2.01,2.82,2.25,4.79,8.90,4.25,2.14
042,4.62,15.26,3.37,1.98,11.26,6.02,6.64,6.55,4.14,3.23,4.09,5.01,1.27,3.03,2.39,2.69,5.28,8.54,3.67,0.95
043,3.90,12.77,2.23,6.44,7.52,8.40,4.70,11.04,11.29,0.93,4.66,4.63,0.10,1.16,3.77,3.54,3.08,6.20,2.40,1.25
044,3.16,18.61,2.17,5.84,7.47,7.44,6.76,9.50,5.75,3.71,3.63,1.96,0.19,1.99,2.46,1.97,4.48,6.14,4.85,1.92
048,5.57,18.94,3.38,4.81,6.22,3.96,9.01,8.22,1.51,1.10,4.94,3.99,0.46,3.16,3.58,2.55,4.88,7.63,4.14,1.96
049,4.44,19.96,4.06,0.95,5.87,6.22,8.89,13.24,4.53,0.86,1.57,3.61,0.52,3.65,1.91,2.09,4.17,9.09,3.57,0.79
050,3.71,13.44,3.64,1.59,9.29,4.80,11.96,8.60,5.36,3.94,2.73,4.11,0.56,1.42,2.57,3.14,5.40,9.42,2.29,2.04
061,5.05,12.44,4.98,4.24,8.83,5.91,2.86,7.29,7.18,1.46,3.69,5.68,1.07,3.96,3.46,2.37,4.30,10.25,3.59,1.39
066,4.47,9.82,3.14,4.84,9.47,6.16,4.68,11.90,7.67,2.70,4.49,5.76,0.94,2.31,2.84,2.43,4.72,7.46,3.40,0.78
067,4.24,21.26,3.58,3.45,3.34,4.10,9.54,4.98,6.41,1.17,5.03,2.43,0.78,2.40,2.63,2.76,7.91,9.96,3.10,0.95
070,3.21,10.34,4.32,3.88,8.73,8.11,3.69,8.38,5.30,2.73,3.79,8.43,0.81,2.90,4.32,2.31,4.64,7.64,5.11,1.37
074,3.31,15.63,2.78,1.77,6.92,4.18,7.76,12.97,9.47,2.06,2.19,2.87,2.08,3.94,3.46,2.38,4.02,8.04,3.23,0.95
078,3.91,13.08,3.84,1.26,10.01,7.64,7.95,7.83,6.85,2.69,3.60,4.73,0.49,2.74,3.14,1.92,5.03,6.38,4.98,1.94
083,4.78,16.24,5.12,4.14,10.98,5.88,5.49,8.80,6.29,3.06,1.51,3.90,NA,3.20,2.65,3.42,4.07,6.31,3.98,0.20
084,4.01,11.60,1.82,1.97,7.04,6.09,6.35,15.76,7.69,1.14,4.30,6.91,0.58,2.29,2.77,2.11,5.45,8.87,1.65,1.61
085,5.66,9.70,5.60,2.83,7.83,5.22,5.86,14.69,5.98,0.56,4.06,3.65,0.88,3.24,2.67,3.59,3.41,8.94,3.54,2.09
086,3.97,23.49,3.67,4.66,3.60,6.42,9.69,9.37,3.23,1.75,5.01,2.85,0.79,2.79,3.01,2.34,0.96,8.30,3.97,0.11
087,2.63,10.75,2.21,7.30,5.42,10.08,7.18,19.44,4.78,2.86,1.70,4.84,0.58,3.38,2.42,3.31,2.19,4.00,4.67,0.28
088,2.80,16.73,1.92,3.52,12.29,5.75,7.07,9.32,6.80,2.96,3.79,4.81,0.99,3.02,1.78,1.68,2.34,5.57,6.00,0.86
092,5.62,15.81,3.43,2.51,5.27,3.83,10.93,7.91,7.04,1.88,3.17,5.25,0.53,2.42,2.61,3.18,4.44,7.79,4.72,1.65
095,3.69,8.98,5.67,2.27,7.87,5.16,8.56,8.55,7.77,0.71,4.73,4.35,0.13,2.64,5.11,2.89,6.12,9.60,3.35,1.86
097,4.48,17.10,5.54,3.65,4.99,3.73,9.72,6.75,4.89,1.13,3.99,6.28,0.62,2.51,3.16,2.44,6.21,7.41,3.76,1.63
14008,3.99,16.69,4.66,2.38,6.02,4.80,9.58,14.27,5.27,1.35,2.92,4.40,0.23,1.66,5.05,2.57,2.29,7.93,2.80,1.14
14011,3.40,16.82,0.28,2.19,0.29,2.17,10.80,20.50,5.78,3.74,2.71,3.48,1.68,2.74,3.08,2.02,4.17,8.65,3.89,1.63
14017,4.31,18.56,5.07,4.49,3.86,5.68,9.35,7.73,5.87,1.45,2.54,4.43,0.79,2.40,3.78,1.84,2.98,9.03,3.75,2.07
14027,5.16,15.81,9.48,4.49,8.47,4.43,2.41,2.78,9.23,0.76,2.80,4.43,NA,4.34,4.27,3.43,3.72,10.79,2.69,0.52
14041,3.27,20.94,3.85,2.97,5.93,3.02,6.00,5.02,11.58,1.06,3.67,4.04,0.27,3.13,3.93,2.92,5.70,5.75,5.61,1.35
14054,4.07,19.64,2.17,3.34,4.05,6.35,9.54,5.28,10.09,0.44,3.76,3.40,0.66,2.70,3.70,2.76,3.43,8.06,5.13,1.42
14057,3.15,12.16,4.46,2.90,8.93,5.75,6.67,7.60,7.53,1.95,5.63,3.50,0.76,3.28,4.94,2.89,5.68,6.83,3.49,1.87
14064,3.31,18.65,4.42,2.28,8.02,5.17,4.32,10.93,6.77,2.31,3.55,4.94,0.40,1.64,3.89,2.89,4.13,8.37,3.42,0.59
14076,3.65,7.68,6.74,3.58,7.47,3.69,9.51,2.83,9.60,2.50,2.95,7.20,0.70,4.22,4.26,3.38,3.48,10.85,3.34,2.36
14079,4.33,18.48,5.75,3.79,4.88,7.06,5.21,7.12,5.55,1.83,3.36,4.72,1.60,2.63,3.57,2.74,3.36,8.36,4.70,0.97
14080,1.54,4.42,10.46,11.82,11.60,3.29,6.94,26.50,6.83,1.79,0.55,5.08,0.25,1.83,0.99,0.57,2.19,1.36,1.85,0.17
14083,2.17,12.87,2.39,5.94,5.98,5.41,8.33,18.77,5.29,3.01,2.36,4.91,0.38,2.45,3.25,2.88,1.87,6.82,3.20,1.72
14087,1.19,14.87,7.61,1.91,8.49,5.18,7.78,7.97,6.29,2.01,2.67,5.49,0.40,3.87,4.17,1.82,4.23,7.66,4.44,1.96
14094,5.10,12.18,3.34,4.59,6.00,4.64,5.44,7.88,7.32,2.78,3.75,7.32,0.46,3.43,4.24,3.18,4.19,9.37,3.56,1.23
14098,NA,NA,NA,NA,NA,NA,NA,NA,NA,NA,NA,NA,NA,NA,NA,NA,NA,NA,NA,NA
14110,2.15,9.01,6.55,4.44,9.12,7.47,6.40,11.08,8.61,1.58,3.95,5.40,1.17,1.76,4.20,2.32,4.32,5.54,3.69,1.25
14112,5.76,18.96,2.78,2.59,4.47,6.16,5.84,7.15,7.88,1.93,3.95,2.94,1.05,2.87,3.28,3.23,6.59,8.30,2.87,1.38
14115,4.33,8.34,7.38,5.53,10.78,3.22,7.25,4.87,7.24,2.02,2.87,3.91,0.13,2.49,4.67,3.30,5.86,10.01,4.17,1.63
14118,2.30,9.90,5.73,6.27,11.41,6.06,4.82,11.23,6.01,2.23,3.26,5.70,0.67,2.80,2.61,2.45,3.99,7.95,4.02,0.58
14120,3.30,14.11,3.55,6.28,7.11,5.83,7.91,14.31,5.67,1.43,4.33,3.10,1.36,4.16,2.60,1.52,3.67,7.53,1.46,0.78
14129,5.27,14.17,1.59,2.32,5.86,3.50,5.57,11.01,8.59,1.75,2.95,7.68,1.22,1.38,4.00,2.61,6.04,7.51,4.71,2.26
14132,3.48,12.38,4.36,2.09,9.48,6.34,6.40,7.69,9.60,4.78,2.97,3.34,0.58,3.47,2.56,2.46,3.03,10.38,2.88,1.71
14136,4.12,22.60,5.29,2.80,5.81,4.34,6.40,5.76,8.00,2.60,4.91,4.38,0.64,2.55,2.92,1.69,5.44,5.67,3.61,0.48
14137,2.35,7.88,6.46,7.57,13.03,6.28,5.04,9.50,5.59,3.19,4.37,4.23,1.47,2.73,1.95,1.62,4.57,8.76,3.03,0.40
14145,1.93,6.38,6.69,4.55,16.06,9.30,7.68,7.77,7.30,0.65,4.54,1.51,0.28,2.98,4.22,1.87,5.38,6.11,3.67,1.12
14164,2.92,13.35,1.75,4.48,9.77,1.63,4.31,9.07,14.93,1.51,4.96,3.17,0.24,3.27,3.84,2.96,2.68,10.18,3.72,1.26
14168,6.57,21.28,5.60,2.99,5.17,1.25,2.88,4.42,9.69,2.44,3.70,4.53,0.74,1.76,3.89,4.42,4.16,8.39,4.71,1.43
14171,3.91,14.64,5.08,5.69,9.52,8.07,4.69,7.32,4.28,2.09,4.38,3.41,2.02,2.84,3.42,2.51,4.17,6.83,4.35,0.77
14172,3.74,10.12,7.12,3.98,8.02,7.40,6.47,16.41,3.18,5.13,2.08,3.21,1.46,1.77,3.19,1.56,3.01,6.52,4.50,1.15
14181,3.94,13.46,3.85,4.09,3.45,2.96,6.68,13.91,7.26,3.42,4.24,6.41,0.64,1.96,2.59,2.46,4.90,7.28,5.45,1.05
14185,3.84,7.20,3.62,3.74,7.39,2.64,8.14,16.43,6.74,3.34,4.40,1.04,0.22,4.51,3.57,3.18,5.54,9.23,4.27,0.95
14187,4.92,19.94,2.45,1.85,4.75,6.26,4.35,6.63,8.73,2.43,5.33,5.75,0.60,3.32,3.77,2.17,3.64,7.61,4.38,1.09
14210,4.24,9.23,4.74,7.16,7.62,3.99,6.45,11.95,6.98,2.07,2.28,5.66,1.28,2.43,4.27,2.68,3.86,9.07,3.63,0.40
14211,5.21,11.01,5.34,3.42,8.90,6.20,5.18,10.91,4.68,1.04,3.56,6.69,0.51,5.60,3.95,2.50,1.86,8.40,3.13,1.90
14213,4.54,6.86,2.46,4.99,9.10,3.09,3.87,17.68,6.56,3.19,2.52,5.85,0.68,5.10,3.19,1.20,4.72,8.48,4.76,1.16
14226,2.95,9.98,3.74,3.46,7.48,6.44,4.20,17.90,5.96,3.46,3.32,4.02,0.73,2.72,4.31,2.97,3.27,8.59,3.32,1.20
14236,3.88,14.66,7.23,2.92,9.66,3.94,5.22,10.80,8.42,3.25,2.08,6.31,0.39,3.45,2.99,2.05,2.03,7.39,2.56,0.77
14241,1.82,11.04,2.90,3.56,13.09,7.73,7.87,10.47,4.97,0.58,2.96,1.03,0.44,3.67,4.77,4.16,6.23,8.24,3.33,1.14
14245,5.84,16.79,5.35,4.17,8.99,4.13,4.56,11.38,5.43,2.78,2.98,2.14,1.08,3.98,3.43,1.26,2.88,8.20,3.73,0.92
14249,3.14,12.61,5.24,4.41,9.04,6.09,9.31,12.15,4.88,3.10,4.38,3.86,0.37,1.81,3.07,3.63,2.03,5.83,3.10,1.94
14255,3.05,17.47,6.78,4.34,11.67,7.20,3.65,2.48,9.53,0.79,3.65,3.81,0.48,2.01,3.52,2.36,3.75,7.46,3.62,2.39
14284,2.34,14.14,6.27,2.74,8.90,4.94,6.61,12.22,9.16,3.20,2.93,3.67,0.96,3.45,3.15,2.07,1.95,6.54,3.47,1.27
14285,3.22,9.39,4.56,3.58,4.74,5.13,6.21,8.87,9.69,1.30,3.84,4.37,0.52,4.41,4.83,3.44,7.69,7.68,4.24,2.29
14295,4.51,17.42,6.53,3.29,9.84,3.51,7.21,3.81,7.82,2.34,2.15,4.66,0.38,2.28,2.68,3.09,5.04,8.74,4.48,0.20
14303,4.51,13.19,4.26,5.86,10.31,6.15,5.63,8.60,6.62,3.09,3.74,2.90,1.20,3.92,2.35,2.09,3.09,7.41,3.84,1.22
14316,4.36,8.76,3.76,2.86,5.13,4.98,11.55,8.76,6.20,4.50,2.02,3.23,0.55,3.19,4.62,3.36,6.97,8.28,4.41,2.52
14328,3.17,13.77,4.28,3.01,9.24,5.89,7.09,6.79,9.23,2.25,4.05,7.18,0.85,1.80,3.64,1.91,2.95,6.56,5.15,1.21
14333,4.66,5.88,3.56,7.29,6.62,9.12,8.12,11.98,7.81,2.06,4.04,4.71,1.22,4.25,4.26,2.41,1.80,5.18,4.05,0.96
27999,1.73,20.72,5.52,2.92,5.59,3.90,5.12,3.28,6.44,2.04,9.77,6.12,0.09,3.18,3.82,0.75,2.24,12.76,2.96,1.06
28001,2.46,18.66,1.94,3.10,7.26,5.43,10.77,9.80,3.83,2.56,1.68,6.33,0.03,2.14,2.25,3.19,4.51,8.10,4.26,1.70
28003,4.66,12.35,4.20,4.52,7.88,5.42,9.22,6.87,3.74,1.30,3.48,5.75,0.40,3.73,2.06,2.00,6.09,10.20,4.84,1.29
28004,2.64,14.82,4.66,2.56,8.02,4.89,7.22,12.84,4.61,1.10,2.54,2.84,1.24,2.46,3.23,3.25,4.54,12.34,2.85,1.32
28034,4.48,13.90,2.51,4.52,4.91,10.55,4.48,7.00,3.61,2.33,5.04,5.75,0.47,4.50,2.19,3.69,6.10,9.03,3.35,1.62
28043,5.80,14.20,2.21,2.07,3.26,6.32,6.93,13.01,6.47,1.89,1.38,5.53,1.18,4.08,4.28,1.46,5.06,9.94,3.90,1.01
28096,5.25,7.64,5.50,4.36,8.14,7.15,2.40,16.62,3.62,1.36,3.74,4.93,0.41,5.54,3.53,1.13,3.88,8.04,5.04,1.74
28129,3.39,18.38,4.86,4.04,6.08,4.86,4.05,3.89,8.00,1.12,3.41,5.97,0.51,3.98,3.03,2.87,5.29,10.89,4.23,1.13
28132,5.14,33.06,0.38,0.55,0.94,3.09,9.99,3.44,2.13,NA,5.99,1.29,0.90,3.57,4.03,1.88,5.17,11.25,3.80,3.40
28146,2.54,20.61,5.07,4.03,9.45,3.56,3.88,9.92,5.34,1.36,3.59,1.57,0.48,2.65,1.97,3.33,5.00,9.48,5.07,1.12
28167,3.54,18.05,2.25,3.60,3.32,4.10,12.65,13.94,7.25,2.34,4.16,3.83,1.07,2.53,3.12,4.33,3.10,3.62,2.49,0.70
28177,3.63,15.52,10.65,5.60,6.70,4.40,3.65,7.63,7.28,2.78,3.07,7.79,0.22,2.21,NA,0.90,4.55,7.90,5.14,0.37
28275,2.37,14.79,5.00,6.70,6.89,2.36,4.83,6.78,10.00,1.05,4.99,5.68,0.46,3.82,3.10,2.71,4.60,8.47,4.08,1.32
28279,1.31,12.48,2.87,2.02,2.48,7.01,8.53,19.68,3.48,3.23,5.05,4.35,0.17,3.44,2.26,1.06,8.15,7.96,3.52,0.97
28280,3.11,13.94,5.57,7.18,11.31,7.17,4.13,5.36,7.90,1.45,3.14,2.26,2.27,2.44,2.29,3.35,3.63,8.19,4.25,1.08
28281,2.67,9.40,6.36,4.76,8.46,3.66,5.60,8.46,7.22,1.52,2.06,8.27,0.91,2.02,4.12,3.23,5.82,10.56,4.33,0.57
28282,4.00,10.60,1.45,2.52,6.29,5.22,9.12,14.63,6.22,2.70,1.40,2.61,1.53,3.57,4.79,1.92,6.17,10.16,4.13,0.96
28284,5.82,13.24,5.22,5.20,5.34,2.00,6.86,6.89,7.76,1.52,3.01,6.15,0.11,2.88,3.76,2.95,4.86,10.03,4.41,1.94
28289,3.68,23.05,1.58,2.03,4.62,4.60,5.75,15.83,5.41,1.44,2.37,3.30,0.85,2.54,1.91,3.29,4.14,7.47,5.33,0.82
28291,3.41,15.35,2.09,3.06,3.13,2.38,11.09,10.57,6.36,1.21,2.98,5.99,1.28,3.72,3.79,2.74,6.72,8.08,3.90,2.16
28292,2.48,11.74,3.72,4.68,7.67,4.98,5.32,12.33,4.44,2.27,2.00,2.45,0.94,2.38,3.67,1.88,8.94,11.69,4.28,2.15
28297,3.89,9.38,5.08,7.15,9.00,5.54,5.20,8.00,9.66,1.50,4.47,5.95,1.02,3.10,2.57,1.68,2.85,7.67,5.02,1.28
28299,3.73,13.11,5.35,3.23,7.26,3.24,4.67,9.18,8.31,1.55,2.96,7.54,0.34,4.17,4.05,2.80,4.09,8.97,4.91,0.53
28307,3.92,12.77,4.66,3.06,9.98,5.39,6.39,9.82,5.93,3.12,1.75,6.80,0.05,3.93,2.21,1.72,4.64,9.22,3.78,0.88
28308,4.14,14.65,4.04,1.99,5.56,3.52,6.27,10.24,5.21,2.35,4.17,6.57,0.90,4.72,3.50,2.80,4.26,9.68,4.02,1.40
28312,4.13,17.00,5.99,0.77,6.37,6.16,3.94,5.80,7.47,1.74,2.32,6.85,0.84,1.38,2.62,2.42,7.87,10.96,4.03,1.37
28315,2.85,6.85,2.30,1.83,8.18,7.14,11.31,13.82,4.41,1.54,3.22,8.61,0.55,3.51,1.90,1.61,5.41,9.11,4.10,1.73
28318,5.79,22.64,3.68,4.58,7.06,3.24,4.52,4.60,7.30,0.90,5.26,3.42,NA,3.63,2.63,1.98,4.79,8.81,4.47,0.71
28320,4.63,28.02,3.40,0.74,3.61,2.18,6.98,4.28,3.41,3.03,3.77,7.35,0.60,1.72,2.25,2.20,5.27,10.09,4.37,2.11
28323,4.15,15.99,5.08,5.01,7.45,2.88,5.82,7.80,5.14,1.86,4.06,5.80,0.21,3.03,3.27,2.36,4.21,10.45,4.55,0.88
28330,6.37,19.21,1.48,3.18,1.77,2.49,8.06,9.07,6.93,0.68,3.04,4.03,0.48,2.19,4.78,3.31,4.92,11.83,4.87,1.33
28331,4.66,17.31,1.58,4.72,4.01,1.34,5.11,6.59,8.56,2.90,4.29,5.33,0.58,3.57,4.27,3.88,6.19,10.30,2.92,1.86
28332,2.46,12.32,5.80,7.77,7.42,5.79,7.24,14.66,8.55,1.89,1.51,1.99,0.45,3.54,2.74,1.77,1.69,7.07,4.59,0.74
28334,2.59,14.04,2.68,3.81,3.73,4.63,8.99,9.18,3.96,3.62,3.76,7.80,0.94,3.37,1.95,2.96,5.36,9.94,4.59,2.11
28335,3.79,17.75,4.85,3.52,6.69,2.65,6.20,5.31,9.13,2.08,2.94,2.93,0.64,3.65,2.57,2.04,7.08,10.24,4.47,1.48
28339,4.09,10.82,2.80,5.93,12.90,6.52,4.34,12.03,4.99,1.54,3.40,2.88,0.55,1.44,2.49,3.55,6.48,7.65,3.71,1.90
28346,2.98,7.82,9.85,6.58,8.52,2.80,7.33,4.68,10.62,1.33,3.63,4.61,0.08,4.50,3.87,1.24,5.65,9.23,3.71,0.96
28349,4.70,19.21,3.03,2.93,6.41,3.17,5.97,3.54,14.25,0.40,2.69,3.10,0.46,2.37,2.82,3.17,4.27,11.05,4.67,1.80
28354,3.22,23.34,2.61,3.72,3.16,3.02,5.12,7.53,7.03,1.66,3.10,2.59,0.78,3.05,2.90,2.09,9.90,8.67,5.07,1.44
28356,3.73,16.80,3.76,3.55,5.89,1.67,6.08,10.23,3.59,1.03,3.50,4.75,1.55,4.47,3.96,2.33,5.74,11.29,3.88,2.18
28360,4.31,18.84,3.34,3.40,4.10,1.92,5.20,11.92,3.20,2.38,2.16,7.39,1.74,2.65,2.42,2.41,6.18,11.66,3.36,1.40
28367,5.21,16.06,2.56,4.30,4.66,3.51,5.92,12.66,6.10,1.09,3.20,3.72,0.13,3.15,4.82,3.34,5.87,8.37,4.85,0.48
28371,2.28,12.90,4.93,4.49,3.51,2.95,7.25,8.97,2.94,1.22,3.43,8.59,1.59,2.89,2.98,3.01,6.90,11.59,6.20,1.38
28376,2.83,14.59,0.83,7.00,8.29,1.53,8.86,8.80,5.12,1.55,3.56,2.11,0.58,3.26,3.59,3.50,8.17,9.73,4.26,1.82
28410,2.57,7.86,5.63,2.76,6.83,0.26,8.44,13.61,5.83,2.08,2.05,10.96,0.16,4.91,2.52,2.40,4.74,9.23,4.52,2.63
28412,3.86,10.91,1.95,0.97,8.17,5.19,9.68,13.66,1.94,1.52,2.13,4.28,0.85,3.82,5.71,3.63,5.11,11.12,3.39,2.08
