Subject,Community,Network,FC_Similarity,Spatial_Score,Confidence,Alt_1_Network,Alt_1_FC_Similarity,Alt_1_Spatial_Score,nct_input_file,config_file
001,34,Salience,0.0580169568172363,0.0538479532163742,0.2481368302867752,CinguloOpercular/Action-mode,0.0806964707761175,0.031017543859649,NA,NA
001,46,CinguloOpercular/Action-mode,0.0720314909603657,0.0576235541535225,0.1726932212719304,Salience,0.0598228859707001,0.0591657903960742,NA,NA
001,88,Salience,0.0631603976289536,0.1157133464825772,0.296769370324014,CinguloOpercular/Action-mode,0.0684684427673664,0.0823142669296515,NA,NA
002,115,Salience,0.1099648487197297,0.2573148148148149,0.0609027792282117,Default_Anterolateral,0.1432368528083558,0.1862037037037036,NA,NA
004,109,Salience,0.0756480400272199,0.2309591642924977,0.2645616807146361,Default_Dorsolateral,0.1013133774484126,0.1363722697056029,NA,NA
005,37,Salience,0.1184134172205652,0.1886171063149478,0.35833046632201,CinguloOpercular/Action-mode,0.1202641461620382,0.1367226219024778,NA,NA
005,98,Frontoparietal,0.0738667788381296,0.2026378896882492,0.1175432978273068,Salience,0.0637826697281224,0.2099920063948839,NA,NA
005,103,Salience,0.059210131785392,0.3184466019417476,0.1704059632184715,CinguloOpercular/Action-mode,0.1117813619710528,0.1441208198489751,NA,NA
005,106,CinguloOpercular/Action-mode,0.1394889363772531,0.1623263888888889,0.1312218544599577,Salience,0.0734585356571313,0.2724826388888889,NA,NA
005,117,Frontoparietal,0.0738712491656382,0.18727969348659,0.0447041909305973,Salience,0.0414824159637021,0.3192337164750959,NA,NA
005,130,Salience,0.0461197786605498,0.0560471976401179,0.1270876602361914,CinguloOpercular/Action-mode,0.1666005149121897,0.0137659783677482,NA,NA
005,134,Frontoparietal,0.1014205242357819,0.3795795795795795,0.2713263576578886,Salience,0.114847450318213,0.2636636636636635,NA,NA
005,176,Default_Dorsolateral,0.0440551122087186,0.2725146198830409,0.309635264475408,Salience,0.0955846203628451,0.095906432748538,NA,NA
007,44,Salience,0.0558838905040701,0.2020820820820817,0.090788345710941,Default_Parietal,0.0495156610190483,0.209089089089089,NA,NA
007,116,Default_Dorsolateral,0.0952208823663438,0.3096296296296297,0.0956280379254414,Salience,0.1338411885860743,0.201058201058201,NA,NA
008,76,Salience,0.1027816618357332,0.2372302737520127,0.0541748548687923,Default_Dorsolateral,0.1336401747768451,0.173075684380032,NA,NA
008,131,Salience,0.0264952965247704,0.1584229390681003,0.1452352198866405,Frontoparietal,0.0190070222197972,0.192831541218638,NA,NA
008,159,Frontoparietal,0.1251011560413149,0.3479905437352246,0.3814993107746487,Salience,0.1583092782416459,0.1990543735224586,NA,NA
009,64,Salience,0.0282429656262204,0.0451612903225806,0.3913690196523461,Default_Retrosplenial,0.0511526937662151,0.017921146953405,NA,NA
009,106,Default_Dorsolateral,0.0345591726820102,0.278743961352657,0.0374887728582674,Salience,0.0493455828123354,0.1881642512077294,NA,NA
010,2,Salience,0.2213198200459208,0.0880548447224598,0.3077366168785064,CinguloOpercular/Action-mode,0.1114082375424149,0.1337629924493741,/scratch/network/mattonim/pfm_output/nct_inputs/010/community_2.mat,/scratch/network/mattonim/pfm_output/nct_inputs/010/community_2_config.yaml
010,24,CinguloOpercular/Action-mode,0.110029547286715,0.0442328042328042,0.2197361501258694,Salience,0.2071802364487533,0.0192592592592592,NA,NA
010,25,Salience,0.2225125096056766,0.1168938455183807,0.3658108291314437,Frontoparietal,0.0735800239962873,0.2588186699710864,NA,NA
010,31,Salience,0.2274402436077735,0.2817533129459734,3.4260755111001106e-05,CinguloOpercular/Action-mode,0.1214809255777654,0.5274889568467549,NA,NA
010,52,Frontoparietal,0.072882946906314,0.1624753867791841,0.1959834579360299,Salience,0.2224956153570967,0.0445007032348804,NA,NA
010,56,Frontoparietal,0.0749121063792865,0.3741126543209879,0.1283884531615758,Salience,0.229508040684407,0.1082175925925925,NA,NA
010,130,Salience,0.2203335076921242,0.0203851851851851,0.1014938256159452,Default_Retrosplenial,0.0142083110084632,0.2869925925925924,NA,NA
011,19,CinguloOpercular/Action-mode,0.1560715966490165,0.1086678301337986,0.1281742705811403,Salience,0.1082156897442888,0.1389179755671901,/scratch/network/mattonim/pfm_output/nct_inputs/011/community_19.mat,/scratch/network/mattonim/pfm_output/nct_inputs/011/community_19_config.yaml
011,40,Salience,0.1010509085596266,0.1761205273069679,0.029262405369914,CinguloOpercular/Action-mode,0.1520133297615668,0.1137476459510357,NA,NA
011,45,CinguloOpercular/Action-mode,0.1514521696973102,0.0945065871240365,0.1788664388960168,Salience,0.1169947915964801,0.1037782749192143,NA,NA
011,48,Salience,0.1132975856517451,0.3264775413711583,0.2129252716112984,CinguloOpercular/Action-mode,0.1325767745095166,0.2300236406619385,NA,NA
011,57,Salience,0.1108642596698665,0.0616709732988802,0.0995664816776352,CinguloOpercular/Action-mode,0.1593620430407738,0.0390180878552971,NA,NA
011,81,Salience,0.1124976367821691,0.1397171717171717,0.2141673719350505,CinguloOpercular/Action-mode,0.1605200526074016,0.0806464646464646,NA,NA
011,95,CinguloOpercular/Action-mode,0.0794308278149054,0.0261328367473618,0.084844851003305,Salience,0.0790385465746039,0.0242085661080074,NA,NA
011,101,CinguloOpercular/Action-mode,0.1490431182500975,0.0151979565772669,0.0258844488302476,Salience,0.0971271042367667,0.0227330779054917,NA,NA
011,141,Salience,0.0857360035947539,0.0730961298377028,0.3730320826877887,CinguloOpercular/Action-mode,0.0720399501330731,0.063358302122347,NA,NA
011,149,Salience,0.1052975794448118,0.0396825396825396,0.3401847736892161,CinguloOpercular/Action-mode,0.1554431548180143,0.02005772005772,NA,NA
011,168,CinguloOpercular/Action-mode,0.1463414552829451,0.077270631627478,0.3299173729111794,Salience,0.1168717980538017,0.0727524204702627,NA,NA
012,13,CinguloOpercular/Action-mode,0.1504548506904718,0.1195148364739007,0.2700070502215881,Salience,0.0806644776707365,0.1755252328351742,/scratch/network/mattonim/pfm_output/nct_inputs/012/community_13.mat,/scratch/network/mattonim/pfm_output/nct_inputs/012/community_13_config.yaml
012,21,Salience,0.0929659512296041,0.1126797385620915,0.309400163943496,CinguloOpercular/Action-mode,0.1721064077262367,0.0464836601307188,NA,NA
012,28,Salience,0.0695352246069899,0.2154985754985754,0.1221038787771059,CinguloOpercular/Action-mode,0.1728357717480647,0.0772649572649572,NA,NA
012,35,Salience,0.0524183698270155,0.0211601307189542,0.3624624098679386,CinguloOpercular/Action-mode,0.0711755300385705,0.011437908496732,NA,NA
012,61,CinguloOpercular/Action-mode,0.1811680127643385,0.2769892473118279,0.3336803544003147,Salience,0.0830519447025453,0.4530465949820786,NA,NA
012,86,Salience,0.0767171933993737,0.0130081300813008,0.0150577787281589,Somatomotor_Hand,0.1577303779642506,0.0062330623306233,NA,NA
012,87,CinguloOpercular/Action-mode,0.1603529563714649,0.0117370892018779,0.3541152755227355,Salience,0.0837870176213097,0.0165884194053208,NA,NA
013,24,CinguloOpercular/Action-mode,0.1209448796069619,0.0503105590062111,0.1166844369332662,Salience,0.0354964303685743,0.1535081665516453,NA,NA
013,63,Salience,0.0117096786742966,0.1078189300411522,0.0271140108907347,CinguloOpercular/Action-mode,0.1453824092386135,0.0084549195660306,NA,NA
013,149,CinguloOpercular/Action-mode,0.0918544572450473,0.0353909465020576,0.1721226876306724,Salience,0.0347395256751851,0.079835390946502,NA,NA
014,4,Salience,0.1053094024197618,0.1182016240839776,0.2966600998015812,Frontoparietal,0.0895661955975123,0.1071816201227973,NA,NA
020,23,Salience,0.0421648823993086,0.0951267056530213,0.0727339868674365,CinguloOpercular/Action-mode,0.132589825864313,0.0282001299545158,NA,NA
020,39,Salience,0.0363860033404686,0.0676984126984126,0.0551759490703042,CinguloOpercular/Action-mode,0.1337013590299844,0.0174603174603174,NA,NA
020,46,Salience,0.0377729858127622,0.0940269749518303,0.2922557752538637,CinguloOpercular/Action-mode,0.1128113777289494,0.0243630914151145,NA,NA
022,12,Salience,0.06427433332058,0.0869689542483659,0.1753692784001521,Frontoparietal,0.027464739903199,0.1731617647058821,NA,NA
022,85,Default_Dorsolateral,0.0754227360905826,0.2894586894586894,0.3524382156758194,Salience,0.0855895154255633,0.1886039886039886,NA,NA
022,115,Salience,0.0231947172491149,0.0875213675213675,0.1739119383203899,Visual_Dorsal/VentralStream,0.1076206648814639,0.016068376068376,NA,NA
024,43,Frontoparietal,0.0419188086381563,0.1209150326797385,0.0309563043524192,Salience,0.040992493106463,0.1199346405228758,NA,NA
024,122,Salience,0.0773611375114625,0.158974358974359,0.049076957235014,Frontoparietal,0.0699797476184647,0.1675213675213675,NA,NA
026,50,Salience,0.06485682985161,0.1198458574181117,0.2798793580513108,CinguloOpercular/Action-mode,0.1358592090580494,0.0447013487475915,NA,NA
026,88,Salience,0.0833154646627347,0.2036281179138318,0.0382323312172498,CinguloOpercular/Action-mode,0.1394588322660901,0.1171717171717171,NA,NA
026,131,Salience,0.0420924555166891,0.0853615520282187,0.3306745980269434,CinguloOpercular/Action-mode,0.1366972362598025,0.019753086419753,NA,NA
026,136,CinguloOpercular/Action-mode,0.1098400985178924,0.0268292682926829,0.1750300470159552,Salience,0.0826283562833656,0.0303523035230352,NA,NA
026,149,CinguloOpercular/Action-mode,0.1474005777853052,0.0338249754178957,0.1610097616574725,Salience,0.0522414809340929,0.0822025565388397,NA,NA
026,150,Salience,0.0699111366062153,0.0219092331768388,0.0651390758728281,CinguloOpercular/Action-mode,0.1120609316062813,0.0128325508607198,NA,NA
029,39,Salience,0.0834887823594669,0.0499121265377855,0.0528116480176888,CinguloOpercular/Action-mode,0.1419417279821654,0.0278851786760398,NA,NA
029,73,Salience,0.0454607620897198,0.0314009661835748,0.1494938084153429,CinguloOpercular/Action-mode,0.1658485710334952,0.007487922705314,NA,NA
029,115,CinguloOpercular/Action-mode,0.1806764854393923,0.0111999999999999,0.3428708783646338,Salience,0.0260010165421546,0.0579555555555555,NA,NA
030,23,Salience,0.0323375517403844,0.1540124422201372,0.188109419505103,CinguloOpercular/Action-mode,0.0268075022994349,0.1563688179890882,NA,NA
030,80,CinguloOpercular/Action-mode,0.0263476440167889,0.0008363201911589,0.1681056835760243,Salience,0.0001104133667137,0.1708482676224611,NA,NA
032,6,Salience,0.0425151523763914,0.146795541623128,0.1919462918198571,CinguloOpercular/Action-mode,0.0968593152199046,0.0540578195750609,/scratch/network/mattonim/pfm_output/nct_inputs/032/community_6.mat,/scratch/network/mattonim/pfm_output/nct_inputs/032/community_6_config.yaml
032,24,Salience,0.0937490455348546,0.0812130971551261,0.0943617802246955,Visual_V1,0.0829250777948714,0.0838969404186795,NA,NA
032,38,Salience,0.0938504952607411,0.2033308476261495,0.387002298556013,Frontoparietal,0.0426683404506852,0.3224459358687542,NA,NA
032,46,Salience,0.0718638051075305,0.0297446514837819,0.2810761798050813,CinguloOpercular/Action-mode,0.0892160995051479,0.0187025534851621,NA,NA
032,49,CinguloOpercular/Action-mode,0.0796958211644394,0.4332488381918042,0.1036740946753719,Salience,0.0821054486704504,0.3810308407266581,NA,NA
032,57,CinguloOpercular/Action-mode,0.0825515741464897,0.1910222222222227,0.3082423609218603,Salience,0.0760007471293101,0.1586,NA,NA
032,110,CinguloOpercular/Action-mode,0.0752942589356872,0.4113475177304963,0.131426136798037,Salience,0.0772472934178923,0.3543735224586289,NA,NA
032,122,Salience,0.0561302837941027,0.0759259259259259,0.2765460936042654,Default_Retrosplenial,0.0051626223681636,0.6466666666666666,NA,NA
033,21,Salience,0.0541457378553142,0.0321243523316062,0.0674018563645171,CinguloOpercular/Action-mode,0.1275021614277724,0.0127806563039723,NA,NA
033,23,Salience,0.0754781545262391,0.0729684908789385,0.2081697344977786,CinguloOpercular/Action-mode,0.093497213303029,0.0487562189054726,NA,NA
033,73,CinguloOpercular/Action-mode,0.11387549609531,0.0752525252525252,0.0557378416305322,Salience,0.0533056379583115,0.1522727272727272,NA,NA
033,134,Salience,0.0150650762565888,0.1929292929292929,0.2484599466689393,MedialParietal,0.0675041117283271,0.0344877344877344,NA,NA
034,4,CinguloOpercular/Action-mode,0.1083107220700161,0.0526412819967381,0.3942703133970665,Salience,0.0847863239682538,0.0482308728639296,/scratch/network/mattonim/pfm_output/nct_inputs/034/community_4.mat,/scratch/network/mattonim/pfm_output/nct_inputs/034/community_4_config.yaml
034,21,Salience,0.0841160683958266,0.0348583877995642,0.0360225383699263,CinguloOpercular/Action-mode,0.1755488646042956,0.0161220043572984,NA,NA
034,39,Salience,0.1172374822806137,0.0832839944740476,0.2792992620107723,CinguloOpercular/Action-mode,0.1544445047155554,0.0494178014604301,NA,NA
034,69,Salience,0.0947913390204191,0.1434132171387071,0.2861262591377214,CinguloOpercular/Action-mode,0.1628060923270351,0.0649237472766883,NA,NA
035,104,Salience,0.0484720224104665,0.0899470899470899,0.2856743932186584,Default_Retrosplenial,0.0821702228531977,0.0412698412698412,NA,NA
037,17,CinguloOpercular/Action-mode,0.074926774615935,0.0252821670428893,0.3034032757382601,Salience,0.0749616725358034,0.0193880110358665,/scratch/network/mattonim/pfm_output/nct_inputs/037/community_17.mat,/scratch/network/mattonim/pfm_output/nct_inputs/037/community_17_config.yaml
042,8,CinguloOpercular/Action-mode,0.1171075348311942,0.0572999620781189,0.1939820497172233,Salience,0.1388300953495565,0.0404816078877511,/scratch/network/mattonim/pfm_output/nct_inputs/042/community_8.mat,/scratch/network/mattonim/pfm_output/nct_inputs/042/community_8_config.yaml
042,12,Salience,0.1527165955893969,0.1351736829997699,0.3579038275766786,CinguloOpercular/Action-mode,0.1150361066575871,0.1321524422973698,/scratch/network/mattonim/pfm_output/nct_inputs/042/community_12.mat,/scratch/network/mattonim/pfm_output/nct_inputs/042/community_12_config.yaml
043,16,Visual_Lateral,0.0626626718155175,0.070386686245717,0.0711626589300231,Salience,0.0753786187737003,0.0546255506607929,/scratch/network/mattonim/pfm_output/nct_inputs/043/community_16.mat,/scratch/network/mattonim/pfm_output/nct_inputs/043/community_16_config.yaml
043,79,CinguloOpercular/Action-mode,0.0978362038215611,0.0171394799054373,0.2716460486481539,Salience,0.0885382235845392,0.0148936170212765,NA,NA
043,85,CinguloOpercular/Action-mode,0.1149756604959153,0.186111111111111,0.077992467181808,Salience,0.0939237574306841,0.2113425925925925,NA,NA
043,118,Auditory,0.1130185503983209,0.0094017094017094,0.3206851997195201,Salience,0.070599946223685,0.0113960113960113,NA,NA
044,25,Salience,0.024270941192884,0.0909560723514212,0.0923810237913245,CinguloOpercular/Action-mode,0.0832007575587941,0.0242894056847545,NA,NA
048,81,CinguloOpercular/Action-mode,0.0746984498096548,0.0509629629629629,0.0861800638272786,Salience,0.0366782401542503,0.0955555555555555,NA,NA
049,12,CinguloOpercular/Action-mode,0.0869998899311732,0.0821464193097944,0.0670068466536396,Salience,0.0992805640803937,0.0674645920606423,NA,NA
049,66,Salience,0.0879150081777025,0.5308390022675739,0.2218910141173724,CinguloOpercular/Action-mode,0.0949463662085702,0.4022675736961451,NA,NA
049,76,Frontoparietal,0.0229539458811826,0.5383040935672513,0.1855288037588486,Salience,0.1104701463002434,0.0943469785575048,NA,NA
049,99,Salience,0.0767006959925606,0.049673202614379,0.0518549886645264,DorsalAttention,0.0382198540099973,0.0947712418300653,NA,NA
050,32,CinguloOpercular/Action-mode,0.1040382042486037,0.1298068196551275,0.0198202242850748,Salience,0.0961938588750636,0.1376636846881885,NA,NA
050,63,Salience,0.10643116439172,0.2122916666666667,0.1355255333048437,CinguloOpercular/Action-mode,0.1003601346865739,0.1982638888888888,NA,NA
050,70,CinguloOpercular/Action-mode,0.1121361188224625,0.1419633225458468,0.2086489283106655,Salience,0.1059860628617457,0.1242718446601941,NA,NA
050,74,Salience,0.0958740704971726,0.1608848667672196,0.3670495004025815,CinguloOpercular/Action-mode,0.1824575306283724,0.06184012066365,NA,NA
050,89,Visual_V1,0.169419301293904,0.0299442299442299,0.1726075241677558,Salience,0.0715231313023074,0.0604890604890605,NA,NA
061,9,Salience,0.1049728769867948,0.1485142937614425,0.2021228460869028,CinguloOpercular/Action-mode,0.1321876813148354,0.0981082476646487,/scratch/network/mattonim/pfm_output/nct_inputs/061/community_9.mat,/scratch/network/mattonim/pfm_output/nct_inputs/061/community_9_config.yaml
061,29,CinguloOpercular/Action-mode,0.1501396070855357,0.1158841441824247,0.2368206247841052,Salience,0.0962941382981563,0.1460873875787834,NA,NA
061,87,Salience,0.0825060840978748,0.1063888888888889,0.3298905328798174,Frontoparietal,0.0259402036334226,0.2544444444444443,NA,NA
061,93,Salience,0.1022826798346928,0.1117460317460317,0.0878704380956195,Frontoparietal,0.0442451822560975,0.2374603174603174,NA,NA
061,102,CinguloOpercular/Action-mode,0.1625202624239702,0.0625925925925925,0.1551370009997539,Salience,0.0714030052113902,0.1233333333333333,NA,NA
061,118,Frontoparietal,0.0361176125233805,0.1022927689594356,0.1179857910599369,Salience,0.0859516563942096,0.0384479717813051,NA,NA
064,137,Salience,0.0539488970610755,0.0233716475095785,0.272432572677705,Default_Retrosplenial,0.0728533076731137,0.0136015325670498,NA,NA
064,205,CinguloOpercular/Action-mode,0.0321442531778473,0.0203389830508474,0.2890504756956456,Salience,0.0612074794703944,0.0082862523540489,NA,NA
065,9,Salience,0.1544713318993688,0.2047101449275362,0.0948563034543353,CinguloOpercular/Action-mode,0.1312971013886203,0.219975845410628,/scratch/network/mattonim/pfm_output/nct_inputs/065/community_9.mat,/scratch/network/mattonim/pfm_output/nct_inputs/065/community_9_config.yaml
065,15,CinguloOpercular/Action-mode,0.1485914982266862,0.1074483528754884,0.1855077688844801,Salience,0.1377994870316066,0.0977331099944164,/scratch/network/mattonim/pfm_output/nct_inputs/065/community_15.mat,/scratch/network/mattonim/pfm_output/nct_inputs/065/community_15_config.yaml
065,28,CinguloOpercular/Action-mode,0.1433111826913016,0.0452380952380952,0.2500074583596914,Salience,0.1306990187742324,0.0396825396825396,NA,NA
065,47,Salience,0.1361941681659293,0.1071895424836601,0.1314453252881814,CinguloOpercular/Action-mode,0.1170876842946185,0.1101960784313725,NA,NA
065,105,Salience,0.136982998086709,0.0716049382716049,0.3356350527473176,Frontoparietal,0.0172921267378658,0.4246913580246915,NA,NA
065,111,Salience,0.1528995939405927,0.0168253968253968,0.0743809027083751,CinguloOpercular/Action-mode,0.1396786927247381,0.0171428571428571,NA,NA
065,115,Salience,0.1462335260626322,0.1074747474747474,0.1279025783938594,CinguloOpercular/Action-mode,0.1066612133248282,0.1306397306397306,NA,NA
065,137,Default_Retrosplenial,0.013720756068507,0.7238337574215441,0.3749213847303643,Salience,0.1537244862875925,0.0469889737065309,NA,NA
066,54,CinguloOpercular/Action-mode,0.0591855822446722,0.1482035306334371,0.3318944301584532,Salience,0.0159252434231126,0.4135410176531674,NA,NA
066,77,Default_Parietal,0.026041747131725,0.3595200834637455,0.3960441955063676,Salience,0.0146160829259842,0.4588419405320813,NA,NA
067,8,CinguloOpercular/Action-mode,0.1378483309300906,0.1371160685418692,0.3120185126081671,Salience,0.1016464694122906,0.1417286345511374,/scratch/network/mattonim/pfm_output/nct_inputs/067/community_8.mat,/scratch/network/mattonim/pfm_output/nct_inputs/067/community_8_config.yaml
067,26,Salience,0.0704711516394896,0.1250253292806483,0.2862998196249593,CinguloOpercular/Action-mode,0.134138604323369,0.0510638297872339,NA,NA
067,80,CinguloOpercular/Action-mode,0.1379610414390994,0.0166927490871152,0.3286718572600074,Salience,0.0672607579874145,0.0257694314032342,NA,NA
067,82,Salience,0.0480193568748098,0.1127963942778757,0.3243918227972804,CinguloOpercular/Action-mode,0.1369416848527259,0.0298647854203409,NA,NA
070,17,Visual_Lateral,0.0820773550982273,0.3144249512670565,0.2723720358236524,Salience,0.0739519290958058,0.2742690058479532,/scratch/network/mattonim/pfm_output/nct_inputs/070/community_17.mat,/scratch/network/mattonim/pfm_output/nct_inputs/070/community_17_config.yaml
070,29,Salience,0.1076429189627535,0.279151660664266,0.0955081412224146,CinguloOpercular/Action-mode,0.1532989856935152,0.1789249032946512,NA,NA
070,38,Salience,0.091230994983972,0.0953414544112218,0.3436626190197839,CinguloOpercular/Action-mode,0.1505020716508433,0.0430121816168327,NA,NA
070,84,CinguloOpercular/Action-mode,0.1424343886214421,0.0306703397612488,0.0483766277101872,Salience,0.1017440763546826,0.0409550045913682,NA,NA
074,10,CinguloOpercular/Action-mode,0.0310297678885548,0.1162758484218858,0.1986972178412276,Salience,0.0525596288690044,0.0572672405263677,/scratch/network/mattonim/pfm_output/nct_inputs/074/community_10.mat,/scratch/network/mattonim/pfm_output/nct_inputs/074/community_10_config.yaml
074,37,Salience,0.068104138315671,0.0547008547008547,0.3100166256170278,CinguloOpercular/Action-mode,0.1299680801447719,0.0218803418803418,NA,NA
074,54,Salience,0.0592549237119522,0.1415361670395227,0.0093487767626596,CinguloOpercular/Action-mode,0.1332824946836614,0.0623415361670395,NA,NA
074,65,CinguloOpercular/Action-mode,0.1092862121389013,0.1037037037037037,0.1263872212379338,Salience,0.0752017304840632,0.1337962962962962,NA,NA
074,70,CinguloOpercular/Action-mode,0.0717634604078469,0.238004246284501,0.0186020844874299,Salience,0.0883748856379827,0.1897381457891009,NA,NA
074,72,Salience,0.0780647641378776,0.1552287581699346,0.2393275287936922,CinguloOpercular/Action-mode,0.1211338753728163,0.0807189542483659,NA,NA
078,41,CinguloOpercular/Action-mode,0.087728163568813,0.1650563607085345,0.1743627478292381,Salience,0.0874090763434816,0.1410628019323671,NA,NA
078,59,Salience,0.0565847129296693,0.0352035203520352,0.0649781932873124,CinguloOpercular/Action-mode,0.0899594053325751,0.0207920792079207,NA,NA
078,87,CinguloOpercular/Action-mode,0.0869674793215787,0.2919572291957228,0.0478252039496064,Salience,0.094220523809491,0.2571827057182707,NA,NA
078,112,Salience,0.0867069584834016,0.0117969821673525,0.3955126882312556,Frontoparietal,0.0452831475938567,0.0161865569272976,NA,NA
078,129,Visual_V1,0.0587109549662798,0.0093023255813953,0.1685330414522217,Salience,0.0251216494885396,0.0186046511627906,NA,NA
084,135,Salience,0.0299062892178951,0.1868279569892472,0.2016293792498006,Default_Dorsolateral,0.0257527137016494,0.1805555555555554,NA,NA
085,7,Salience,0.1665577920820554,0.0458148850938224,0.289114160842817,Auditory,0.1048781290203969,0.0564410710520767,NA,NA
085,47,Salience,0.1654571554286222,0.013142174432497,0.1739335154510502,CinguloOpercular/Action-mode,0.1685182380210776,0.0109916367980884,NA,NA
085,53,Auditory,0.1146210427853829,0.0133333333333333,0.1135351822241461,Salience,0.1218959648249536,0.0112592592592592,NA,NA
085,66,Salience,0.1668231243885948,0.1717080511662903,0.0126101402463365,CinguloOpercular/Action-mode,0.1667428708298906,0.1696513669425633,NA,NA
085,77,Salience,0.1706595813954361,0.195099026518966,0.1061776022731088,CinguloOpercular/Action-mode,0.1683566435642001,0.1787848271231956,NA,NA
085,95,Visual_V1,0.0220757969405,0.2379188712522045,0.0701868187948812,Salience,0.1646576974945686,0.0298059964726631,NA,NA
086,42,Default_Parietal,0.0171390558140737,0.3301115241635686,0.2142205526083823,Salience,0.0388461673290905,0.1199504337050804,NA,NA
086,87,Default_Dorsolateral,0.1881878202153759,0.1764760576476056,0.2727763824714537,Salience,0.1010190710579279,0.2582984658298466,NA,NA
087,5,CinguloOpercular/Action-mode,0.080607463609555,0.2015119666629797,0.0112360485316583,Salience,0.1904745744926012,0.0843308625585427,/scratch/network/mattonim/pfm_output/nct_inputs/087/community_5.mat,/scratch/network/mattonim/pfm_output/nct_inputs/087/community_5_config.yaml
087,12,Salience,0.2059967920160659,0.1242630385487528,0.1192639753039781,Default_Dorsolateral,0.0843290698797486,0.2712018140589569,/scratch/network/mattonim/pfm_output/nct_inputs/087/community_12.mat,/scratch/network/mattonim/pfm_output/nct_inputs/087/community_12_config.yaml
087,15,Salience,0.1979609519235227,0.0738164251207729,0.1784041334218888,CinguloOpercular/Action-mode,0.0734658875820528,0.1687922705314009,/scratch/network/mattonim/pfm_output/nct_inputs/087/community_15.mat,/scratch/network/mattonim/pfm_output/nct_inputs/087/community_15_config.yaml
087,36,Salience,0.194311295472042,0.2797385620915033,0.3789368491001335,Frontoparietal,0.1134023057924174,0.34760348583878,NA,NA
087,74,Default_Dorsolateral,0.0731353119252549,0.2163742690058479,0.0790164319232924,Salience,0.145804972978262,0.1005847953216374,NA,NA
087,76,Salience,0.2099305344156732,0.2143026004728132,0.2469768756587493,Frontoparietal,0.1376111023318014,0.262174940898345,NA,NA
087,119,Default_Dorsolateral,0.086740030884608,0.1819148936170212,0.242930010542231,Salience,0.2065419031568047,0.0614657210401891,NA,NA
087,127,Salience,0.1026955108590759,0.0195402298850574,0.1107553659363352,CinguloOpercular/Action-mode,0.0898139738644103,0.0201149425287356,NA,NA
092,15,Salience,0.0990114602208533,0.233479532163743,0.034174770029639,CinguloOpercular/Action-mode,0.1673510603255532,0.1335709064327487,NA,NA
092,43,Salience,0.1087561693325306,0.1056655665566556,0.1660278971092761,CinguloOpercular/Action-mode,0.1221355836883626,0.0806930693069306,NA,NA
092,75,CinguloOpercular/Action-mode,0.1534772220139361,0.0098765432098765,0.1215995601368541,Salience,0.0746388027836095,0.0181069958847736,NA,NA
092,84,CinguloOpercular/Action-mode,0.1085043320836612,0.0821338383838383,0.3206455840825716,Salience,0.0902027422306328,0.074810606060606,NA,NA
095,6,Salience,0.089251287325618,0.100335731414868,0.1745894187458465,CinguloOpercular/Action-mode,0.1213441347517316,0.0628297362110311,NA,NA
095,35,CinguloOpercular/Action-mode,0.242759878265446,0.0504421376393694,0.1028778240295386,Salience,0.1215449461292963,0.0913494809688579,NA,NA
095,41,Salience,0.061511193354067,0.1484002326934263,0.021816724671674,CinguloOpercular/Action-mode,0.1341177064242326,0.0666084933100639,NA,NA
095,84,CinguloOpercular/Action-mode,0.2436338258447966,0.2635101010101007,0.2992143556254364,Salience,0.1158905870696516,0.4263888888888889,NA,NA
095,147,CinguloOpercular/Action-mode,0.2060753290687813,0.0937306021104903,0.3637585460097793,Salience,0.0821951140507029,0.1723153320918684,NA,NA
095,155,Salience,0.1071740733285577,0.3063063063063063,0.00026563337457,CinguloOpercular/Action-mode,0.2054295566083953,0.1597597597597597,NA,NA
097,102,Default_Dorsolateral,0.0590524670940538,0.1087719298245614,0.2167138262607014,Salience,0.0728015896008247,0.0725146198830409,NA,NA
097,115,Salience,0.0390830577596174,0.2992416749093305,0.3743849298225845,CinguloOpercular/Action-mode,0.1443467874528941,0.0589515331355093,NA,NA
097,121,Salience,0.0423110221732083,0.1285769980506821,0.2887119391323005,CinguloOpercular/Action-mode,0.1356892447983742,0.0311111111111111,NA,NA
100,9,CinguloOpercular/Action-mode,0.1445953384112538,0.0855386260358191,0.3934151118445078,Salience,0.037544150664921,0.236425198253587,NA,NA
100,64,Salience,0.0832334424428091,0.2066606115652438,0.1308088117972742,CinguloOpercular/Action-mode,0.1164648350853253,0.1306085376930062,NA,NA
100,91,CinguloOpercular/Action-mode,0.1210840898431011,0.362754303599374,0.2650392337272059,Salience,0.0605207160577472,0.5737089201877935,NA,NA
100,93,Salience,0.0831956627241922,0.0129979035639412,0.1211799773554217,Language,0.0383385599181158,0.0251572327044025,NA,NA
100,113,CinguloOpercular/Action-mode,0.1053531535877418,0.1558518518518518,0.1848908999844765,Salience,0.0390063880579849,0.3552592592592592,NA,NA
100,122,Salience,0.0272344660937183,0.0754521963824289,0.2173394496482094,Visual_Dorsal/VentralStream,0.0970196952870942,0.0173987941429801,NA,NA
14006,41,Default_Parietal,0.05307417855369,0.5027522935779817,0.1871638056141737,Salience,0.125565748609679,0.1790010193679918,NA,NA
14006,66,Default_Dorsolateral,0.117859763981988,0.262,0.2815096447331604,Salience,0.108649304803128,0.2217777777777777,NA,NA
14006,177,Default_Parietal,0.0307290992974618,0.4952861952861953,0.3147769791836739,Salience,0.0771725238910164,0.15,NA,NA
14008,50,Salience,0.0186791581015709,0.1108265327474372,0.2650642602893641,CinguloOpercular/Action-mode,0.0432636499198135,0.0378238125130779,NA,NA
14008,73,Salience,0.0158477824792756,0.0857142857142857,0.268885497139631,Auditory,0.0613122342982389,0.0174603174603174,NA,NA
14008,86,Salience,0.019662459731271,0.1315068493150684,0.032945995835141,Default_Parietal,0.0086743239899268,0.2885844748858447,NA,NA
14011,2,Salience,0.0378367760591997,0.1080308992858188,0.0368424223286205,Default_Dorsolateral,0.0283939752886913,0.1388427342952924,/scratch/network/mattonim/pfm_output/nct_inputs/14011/community_2.mat,/scratch/network/mattonim/pfm_output/nct_inputs/14011/community_2_config.yaml
14011,53,Default_Retrosplenial,0.0490053529367408,0.0741367159971811,0.3956906472408725,Salience,0.0135402201921863,0.1922480620155037,NA,NA
14011,222,Default_Dorsolateral,0.0089910816109432,0.043400447427293,0.0086279213790096,Salience,0.0405316205641663,0.009545115585384,NA,NA
14011,224,Salience,0.0387577953190353,0.2227106227106228,0.0839296017658446,Default_Dorsolateral,0.0308078906376369,0.2584859584859583,NA,NA
14017,72,CinguloOpercular/Action-mode,0.0441302543419372,0.0203957382039573,0.0848927593930971,Salience,0.026983796236136,0.0307458143074581,NA,NA
14017,77,CinguloOpercular/Action-mode,0.0324246761934388,0.0550347222222222,0.0882596880685411,Salience,0.034221046452812,0.0479166666666666,NA,NA
14017,123,CinguloOpercular/Action-mode,0.0554419061741077,0.033906071019473,0.0592967201153726,Salience,0.0401351538729117,0.0442153493699885,NA,NA
14017,146,MedialParietal,0.0295190407215643,0.0720496894409938,0.2334514890767215,Salience,0.0362102542692717,0.0476190476190476,NA,NA
14017,193,Salience,0.0991911495620836,0.4477825464949929,0.2805171231966744,Default_Parietal,0.0786682041934695,0.4409155937052929,NA,NA
14027,4,Salience,0.1438428002819997,0.2709280303030308,0.3907049187153349,CinguloOpercular/Action-mode,0.0807268536264337,0.3471275252525254,/scratch/network/mattonim/pfm_output/nct_inputs/14027/community_4.mat,/scratch/network/mattonim/pfm_output/nct_inputs/14027/community_4_config.yaml
14027,46,Salience,0.141874697831678,0.0922672672672671,0.0095302764722079,Language,0.1185435509841165,0.1093843843843843,NA,NA
14027,78,Salience,0.0178772582918053,0.0080515297906602,0.0324480467678757,Frontoparietal,0.0865770357538615,0.001610305958132,NA,NA
14027,91,CinguloOpercular/Action-mode,0.0852981030974142,0.1124861388334441,0.0133795610482393,Salience,0.1140277716385954,0.0830339321357284,NA,NA
14027,155,CinguloOpercular/Action-mode,0.0089290381101253,0.7153968253968253,0.3226138654464354,Salience,0.117252416281611,0.0411904761904761,NA,NA
14031,2,Salience,0.074148716748602,0.1014727540500738,0.063636747361099,CinguloOpercular/Action-mode,0.0502571484845176,0.1407543773523168,/scratch/network/mattonim/pfm_output/nct_inputs/14031/community_2.mat,/scratch/network/mattonim/pfm_output/nct_inputs/14031/community_2_config.yaml
14031,3,Auditory,0.038367757552227,0.1634832938700341,0.0206471919660505,Salience,0.0851290748985102,0.0721915285451195,/scratch/network/mattonim/pfm_output/nct_inputs/14031/community_3.mat,/scratch/network/mattonim/pfm_output/nct_inputs/14031/community_3_config.yaml
14031,21,Salience,0.0604471743438011,0.0125925925925925,0.111953361189339,Default_Parietal,0.0028376906199417,0.2412345679012345,NA,NA
14031,24,Default_Parietal,0.0183054444273077,0.584470588235294,0.1734700046687726,Salience,0.0889644131465459,0.1024836601307189,NA,NA
14031,63,Default_Dorsolateral,0.028689307095063,0.3300724637681159,0.0615725011339074,Salience,0.0991411056888419,0.089975845410628,NA,NA
14031,69,Salience,0.0984497747641445,0.2191304347826086,0.1451146779304038,Default_Parietal,0.037055950017823,0.5084057971014492,NA,NA
14031,72,Default_Anterolateral,0.0151601683794192,0.3579710144927536,0.2309727305904994,Salience,0.0793553041073876,0.0555555555555555,NA,NA
14031,77,Default_Anterolateral,0.0316560984671438,0.2476628352490421,0.2342302593360339,Salience,0.0768977777991781,0.0826053639846743,NA,NA
14031,138,Salience,0.0128468387634245,0.0773662551440329,0.1862862849276672,Default_Parietal,0.0109459048626158,0.0765432098765432,NA,NA
14031,179,CinguloOpercular/Action-mode,0.0348496464267099,0.031993695823483,0.2871060215960393,Salience,0.0446863600682155,0.0193853427895981,NA,NA
14031,195,Salience,0.0506761760956375,0.283700821444012,0.1519658571407754,CinguloOpercular/Action-mode,0.0308209699396219,0.4049286640726331,NA,NA
14054,18,Frontoparietal,0.0581432425241139,0.0088772845953002,0.32877237544879,Salience,0.1062672735884284,0.0036553524804177,/scratch/network/mattonim/pfm_output/nct_inputs/14054/community_18.mat,/scratch/network/mattonim/pfm_output/nct_inputs/14054/community_18_config.yaml
14054,27,Salience,0.1265832205586275,0.1493268450932682,0.0285330687434898,Frontoparietal,0.0682857545997185,0.2691321978913221,NA,NA
14054,105,Default_Parietal,0.0497176825057416,0.3294924554183813,0.2411232644195531,Salience,0.0777227786607891,0.1698216735253772,NA,NA
14054,195,Salience,0.110254095677901,0.2397496087636932,0.014338221999675,Default_Dorsolateral,0.1048625001198757,0.2485133020344287,NA,NA
14057,1,Somatomotor_Face,0.0980645695339824,0.1047880275251433,0.2021183829120838,Salience,0.0568487303569879,0.1503681247293208,/scratch/network/mattonim/pfm_output/nct_inputs/14057/community_1.mat,/scratch/network/mattonim/pfm_output/nct_inputs/14057/community_1_config.yaml
14057,24,Salience,0.0962017679589592,0.1223847403985971,0.2334589031386535,Frontoparietal,0.0283677587464097,0.3364810538020706,NA,NA
14057,45,Default_Parietal,0.0262370113998868,0.5276302851524091,0.2054958732202791,Salience,0.0330283629169813,0.3476892822025565,NA,NA
14064,54,Default_Dorsolateral,0.0954631923032303,0.2723404255319149,0.3733556392763316,Salience,0.1018785771790015,0.1858156028368794,NA,NA
14076,4,CinguloOpercular/Action-mode,0.0442450979668396,0.1477124183006535,0.1326053509273795,Salience,0.0428575924583079,0.1346405228758169,/scratch/network/mattonim/pfm_output/nct_inputs/14076/community_4.mat,/scratch/network/mattonim/pfm_output/nct_inputs/14076/community_4_config.yaml
14076,20,Salience,0.034090379712566,0.1875059608965187,0.0910818768031836,Frontoparietal,0.0257915255808939,0.2271498966777939,/scratch/network/mattonim/pfm_output/nct_inputs/14076/community_20.mat,/scratch/network/mattonim/pfm_output/nct_inputs/14076/community_20_config.yaml
14076,51,Salience,0.0269500722617889,0.0557223890557223,0.0692151900151077,CinguloOpercular/Action-mode,0.0506535935657011,0.0277277277277276,NA,NA
14076,204,Salience,0.0535543881904068,0.0503267973856209,0.0419139359325871,Default_Dorsolateral,0.007733856137211,0.3344771241830064,NA,NA
14079,41,Salience,0.0451568773522236,0.207693092541578,0.3254057530680628,Default_Parietal,0.0284818718222287,0.2484440363228247,NA,NA
14079,73,Default_Parietal,0.0138302940605439,0.540194931773879,0.0956628493613989,Salience,0.0621980882553944,0.1096296296296295,NA,NA
14079,85,Salience,0.0388222658370391,0.2061250316375599,0.0943500503482848,Default_Anterolateral,0.0283968814632279,0.2575044292584152,NA,NA
14080,17,Salience,0.1176332618814292,0.2536231884057971,0.1136165774488977,Default_Anterolateral,0.1620592224146571,0.1653140096618355,/scratch/network/mattonim/pfm_output/nct_inputs/14080/community_17.mat,/scratch/network/mattonim/pfm_output/nct_inputs/14080/community_17_config.yaml
14080,92,Default_Anterolateral,0.124838586399431,0.2778727445394113,0.343752021467505,Salience,0.1009035491240307,0.2558404558404558,NA,NA
14083,2,Salience,0.0662321431907211,0.1591530822559493,0.0190873792885701,Frontoparietal,0.0485650434909987,0.2129848229342332,/scratch/network/mattonim/pfm_output/nct_inputs/14083/community_2.mat,/scratch/network/mattonim/pfm_output/nct_inputs/14083/community_2_config.yaml
14083,25,Salience,0.0678381274472217,0.1217391304347826,0.0756755807622447,Frontoparietal,0.0391441664064929,0.1961352657004831,NA,NA
14083,46,Default_Anterolateral,0.0402820145779845,0.2711833785004517,0.1155516087722944,Salience,0.0616263383292093,0.1588979223125563,NA,NA
14087,77,Salience,0.0193252888849714,0.0427946506686663,0.0407359784941691,DorsalAttention,0.0211791484439886,0.0375203099612548,NA,NA
14087,152,Default_Anterolateral,0.0156685855961238,0.2536296296296296,0.0330600415896382,Salience,0.0554832813937057,0.0693333333333333,NA,NA
14094,23,Default_Anterolateral,0.0525466826205351,0.1467596997568452,0.0663406889847899,Salience,0.0757889749173403,0.0954223490855268,NA,NA
14094,89,Default_Dorsolateral,0.1234476051930871,0.1529057512797348,0.0122868611418188,Salience,0.1072494284136364,0.1738632941884975,NA,NA
14094,249,Salience,0.1022522084387425,0.2390243902439024,0.2049287810238173,Default_Dorsolateral,0.0742539175700303,0.273170731707317,NA,NA
14094,262,Salience,0.0398102565443268,0.0974910394265233,0.0257873664912349,Default_Parietal,0.0230484145329363,0.1641577060931899,NA,NA
14098,7,CinguloOpercular/Action-mode,0.0560100283270799,0.2343713956170707,0.0816437249323035,Salience,0.0724002434060578,0.1676278354479047,NA,NA
14098,60,Salience,0.0188985933882235,0.1722956436612824,0.1577308085299304,CinguloOpercular/Action-mode,0.0278660808672069,0.1009300048947626,NA,NA
14098,66,Default_Parietal,0.0510316204366183,0.2847770847770848,0.3177352473654205,Salience,0.0897075408746071,0.1229383229383228,NA,NA
14098,99,MedialParietal,0.062468583447623,0.0332193732193732,0.3715266603044949,Salience,0.0336123492422566,0.045014245014245,NA,NA
14110,1,Salience,0.0796198826881855,0.1557278722205659,0.3321501190085669,Frontoparietal,0.0354477141320815,0.2625708320906653,/scratch/network/mattonim/pfm_output/nct_inputs/14110/community_1.mat,/scratch/network/mattonim/pfm_output/nct_inputs/14110/community_1_config.yaml
14110,100,Frontoparietal,0.0126930672303347,0.0512544802867383,0.1399475575933285,Salience,0.0649907667958219,0.0087813620071684,NA,NA
14110,188,CinguloOpercular/Action-mode,0.048592063857698,0.4237472766884531,0.1433620562496248,Salience,0.0846937490459602,0.2126361655773421,NA,NA
14112,55,Default_Retrosplenial,0.0096636298143833,0.4307798481711525,0.2787321761842132,Salience,0.0580936182932848,0.0560386473429951,NA,NA
14112,59,Default_Anterolateral,0.1007789042185935,0.2072156862745096,0.2459693263594031,Salience,0.0637896599890333,0.2627450980392153,NA,NA
14112,90,Default_Parietal,0.0894956070299708,0.3618667995349612,0.2469140356696818,Salience,0.0786780491900816,0.330111277196479,NA,NA
14112,134,Salience,0.0275998220705992,0.0283564814814814,0.2006144007476028,Premotor/DorsalAttentionII,0.0025519166489605,0.2554398148148147,NA,NA
14112,149,Default_Parietal,0.0511554794496706,0.00375,0.3739588934674084,Salience,0.0386641828533734,0.0036111111111111,NA,NA
14112,166,Salience,0.0633330162268609,0.0657828282828282,0.2794762928426806,Frontoparietal,0.0281233023563789,0.1157828282828282,NA,NA
14115,33,Salience,0.0311811060087757,0.1293029220481817,0.1711064926955353,CinguloOpercular/Action-mode,0.0079021754526471,0.4356691398735918,NA,NA
14115,38,Default_Dorsolateral,0.0754446892711216,0.1253387533875338,0.0715773608515096,Salience,0.0484920857569132,0.1819783197831979,NA,NA
14115,113,MedialParietal,0.0886840314534483,0.0222222222222222,0.3199382669645988,Salience,0.0218300408205269,0.068395061728395,NA,NA
14118,28,Salience,0.0933967231837694,0.0754047460634286,0.0468301853185907,CinguloOpercular/Action-mode,0.0441933622872236,0.1522288755821689,NA,NA
14118,157,Salience,0.1152745147408005,0.0936614466815808,0.1515833577023189,Default_Dorsolateral,0.0440991628123611,0.2126025354213271,NA,NA
14129,43,Salience,0.0544213825672052,0.1566870332654445,0.0101668570252783,CinguloOpercular/Action-mode,0.0323466180793163,0.2609640190088254,NA,NA
14129,123,Default_Parietal,0.0349918685258123,0.4855058043117743,0.0666949761119198,Salience,0.0779268162288057,0.2043781094527362,NA,NA
14129,127,Default_Dorsolateral,0.0949853925328581,0.2246770025839791,0.2217213035273244,Salience,0.08091104439462,0.215891472868217,NA,NA
14132,27,Salience,0.0439984127179841,0.1977223761157278,0.1625936439372915,Frontoparietal,0.0385532177111457,0.1940904893813479,NA,NA
14132,28,Default_Dorsolateral,0.0096037055104826,0.3003831417624519,0.1759944767759719,Salience,0.0426833360695153,0.057471264367816,NA,NA
14132,107,Salience,0.0233718586914898,0.2447619047619046,0.017087680361757,Default_Anterolateral,0.0428982113312534,0.1311111111111111,NA,NA
14132,127,Salience,0.0379477600842323,0.0913404507710557,0.3891091578120471,Frontoparietal,0.0345211742713056,0.0722815342032423,NA,NA
14132,149,Salience,0.0329379886648453,0.3887366818873667,0.2056975155442527,CinguloOpercular/Action-mode,0.0339026957531717,0.3132420091324201,NA,NA
14132,164,Salience,0.0703935850511949,0.0010695187165775,0.2776430046803003,Default_Parietal,0.0170988961203247,0.0034462269756387,NA,NA
14132,202,Salience,0.0603196923327088,0.1806451612903225,0.1784590591589449,Frontoparietal,0.0533554364034954,0.1732974910394264,NA,NA
14132,211,Salience,0.0471739658731437,0.0743055555555555,0.3077313002387882,Default_Dorsolateral,0.0103480570843905,0.2590277777777777,NA,NA
14132,230,Salience,0.0594948007286028,0.0538971807628524,0.3225027784972854,Language,0.0131776653857729,0.1839966832504145,NA,NA
14132,266,Frontoparietal,0.0599796960219687,0.3123809523809523,0.1718472241386069,Salience,0.0972296233766319,0.1644444444444445,NA,NA
14136,25,Salience,0.104768025453804,0.2415458937198067,0.2166524573185898,Default_Anterolateral,0.081314175206711,0.2557971014492753,NA,NA
14136,29,Default_Anterolateral,0.0737211745809529,0.2800705467372139,0.3216756422633268,Salience,0.1108744496134689,0.1408975112678815,NA,NA
14136,153,Default_Parietal,0.0577687817134673,0.492037037037037,0.2175753444211975,Salience,0.1200603538405556,0.1944444444444444,NA,NA
14136,159,Salience,0.0546717342798969,0.267755991285403,0.1975608097201809,Default_Dorsolateral,0.1021985687823462,0.1196078431372549,NA,NA
14136,163,Salience,0.0608858482169544,0.3067426400759734,0.2990482573107714,Default_Dorsolateral,0.0931050112949434,0.1544159544159543,NA,NA
14137,57,Default_Dorsolateral,0.0757306587336419,0.237987987987988,0.1977754296665489,Salience,0.1304861390504618,0.1153153153153153,NA,NA
14145,48,Default_Anterolateral,0.0658403857971886,0.1585185185185183,0.1055715239014325,Salience,0.0521434628854889,0.1810446343779675,NA,NA
14145,138,Default_Dorsolateral,0.0690241658299732,0.2819444444444444,0.1585544127138569,Salience,0.0903908885565454,0.1858333333333333,NA,NA
14148,6,CinguloOpercular/Action-mode,0.0394875058976537,0.121698662012798,0.3367374921846958,Salience,0.0205173037163353,0.1752181500872599,/scratch/network/mattonim/pfm_output/nct_inputs/14148/community_6.mat,/scratch/network/mattonim/pfm_output/nct_inputs/14148/community_6_config.yaml
14148,14,CinguloOpercular/Action-mode,0.0516390700712375,0.431557377049181,0.3864049408987672,Salience,0.0653680359190522,0.2459016393442622,/scratch/network/mattonim/pfm_output/nct_inputs/14148/community_14.mat,/scratch/network/mattonim/pfm_output/nct_inputs/14148/community_14_config.yaml
14148,48,Salience,0.0746582857373041,0.1156546881453944,0.0605364494881137,Default_Anterolateral,0.0390318438390773,0.2085914911193722,NA,NA
14148,60,CinguloOpercular/Action-mode,0.046282596253106,0.1989247311827957,0.0834443657180297,Salience,0.0716268887078686,0.1186379928315412,NA,NA
14148,181,Salience,0.0816849525838439,0.2616915422885572,0.0493517163192436,Default_Parietal,0.0328791904191914,0.6195688225538972,NA,NA
14148,184,CinguloOpercular/Action-mode,0.0490712920730092,0.1698872785829307,0.2060031943494534,Salience,0.0578142687381093,0.1195652173913043,NA,NA
14164,3,Salience,0.0881767521949191,0.1340378283176354,0.034916093053857,Default_Dorsolateral,0.0682238313629533,0.1673941343135009,/scratch/network/mattonim/pfm_output/nct_inputs/14164/community_3.mat,/scratch/network/mattonim/pfm_output/nct_inputs/14164/community_3_config.yaml
14164,4,Salience,0.0353451717033635,0.075081539465101,0.3306087726996745,Default_Dorsolateral,0.0279812648656282,0.0712763644270493,/scratch/network/mattonim/pfm_output/nct_inputs/14164/community_4.mat,/scratch/network/mattonim/pfm_output/nct_inputs/14164/community_4_config.yaml
14164,12,Salience,0.0518734822265538,0.0628595075522449,0.0639421757228283,Default_Anterolateral,0.0342712846941249,0.0894268570246223,/scratch/network/mattonim/pfm_output/nct_inputs/14164/community_12.mat,/scratch/network/mattonim/pfm_output/nct_inputs/14164/community_12_config.yaml
14164,20,CinguloOpercular/Action-mode,0.0090877089583946,0.392958955864675,0.1900803824845005,Salience,0.0682013497218952,0.0439979392065945,NA,NA
14164,23,CinguloOpercular/Action-mode,0.0217514006542489,0.4978164731896077,0.1222686106450793,Salience,0.0900161498506325,0.1071862907683802,NA,NA
14164,33,Salience,0.0280297047802948,0.2156378600823042,0.2414021270760548,Default_Anterolateral,0.0310929213420481,0.1565919829294312,NA,NA
14164,52,Auditory,0.0126149182081117,0.2937984496124033,0.3543301281785814,Salience,0.070252703732723,0.038953488372093,NA,NA
14164,58,Salience,0.0386344456913352,0.1072010426849134,0.0089096171027163,Default_Dorsolateral,0.031010383054042,0.1323775388291515,NA,NA
14164,78,Default_Dorsolateral,0.0770693708011197,0.2242424242424242,0.2411630309069112,Salience,0.0950687873572947,0.1464646464646464,NA,NA
14164,134,Default_Dorsolateral,0.0753492588366625,0.2646464646464646,0.0106183919452989,Salience,0.1085226957878617,0.1818181818181818,NA,NA
14168,3,CinguloOpercular/Action-mode,0.1180282138545864,0.1401174168297455,0.3594110089518313,Salience,0.0512727045883591,0.2372689715155468,/scratch/network/mattonim/pfm_output/nct_inputs/14168/community_3.mat,/scratch/network/mattonim/pfm_output/nct_inputs/14168/community_3_config.yaml
14168,114,Salience,0.0717732937557459,0.3578544061302683,0.3061104890921724,Default_Parietal,0.0466591852316213,0.4214559386973182,NA,NA
14168,123,Salience,0.0629423585057828,0.3830520393811534,0.1181157501476999,CinguloOpercular/Action-mode,0.0455277326539751,0.4736286919831227,NA,NA
14171,10,Frontoparietal,0.0436603353540878,0.1446229361892011,0.3387184717632701,Salience,0.0165596822010678,0.284828201695672,/scratch/network/mattonim/pfm_output/nct_inputs/14171/community_10.mat,/scratch/network/mattonim/pfm_output/nct_inputs/14171/community_10_config.yaml
14171,102,Visual_V1,0.0166079415018645,0.0905198776758409,0.1288440302449519,Salience,0.0130820039918159,0.1018008834522596,NA,NA
14171,112,Salience,0.0018080322169161,0.0189964157706093,0.1079795267047876,SomatoCognitiveAction,0.0432434468268323,0.0007168458781362,NA,NA
14171,127,Salience,0.0526313525104551,0.0172043010752688,0.1683913186863961,CinguloOpercular/Action-mode,0.0635943495203738,0.0121863799283154,NA,NA
14171,142,Salience,0.0692116439466781,0.13495104299702,0.1191579136891354,CinguloOpercular/Action-mode,0.0253479527792036,0.3292464878671774,NA,NA
14180,12,Default_Parietal,0.0755913999063501,0.2997747138866357,0.0586503083038356,Salience,0.2022918411367484,0.1058123817247903,/scratch/network/mattonim/pfm_output/nct_inputs/14180/community_12.mat,/scratch/network/mattonim/pfm_output/nct_inputs/14180/community_12_config.yaml
14180,20,Frontoparietal,0.0976188585767964,0.1508481764206954,0.0930231390824383,Salience,0.1065142667885649,0.1264843087362172,NA,NA
14181,40,Salience,0.0764492471845066,0.083826540107947,0.2437874342335299,Frontoparietal,0.0249898741664407,0.2061790433649727,NA,NA
14181,213,Default_Dorsolateral,0.0344025433796819,0.2656438865643886,0.2722055665756266,Salience,0.0604996138575534,0.1187354718735471,NA,NA
14185,57,CinguloOpercular/Action-mode,0.0683919331354091,0.0806659870880053,0.1592389075329798,Salience,0.066790426188437,0.0712538226299693,NA,NA
14185,126,Salience,0.0442497212280338,0.0037893384714193,0.2983387041599529,Frontoparietal,0.0628383204265442,0.0020552344251766,NA,NA
14185,134,Salience,0.0502653472807366,0.1225266362252663,0.0818359468026483,Default_Anterolateral,0.0667905673957422,0.0852359208523592,NA,NA
14187,11,Salience,0.0643866220122442,0.1833981841763941,0.1457958631238044,Frontoparietal,0.0615000242056136,0.16757457846952,/scratch/network/mattonim/pfm_output/nct_inputs/14187/community_11.mat,/scratch/network/mattonim/pfm_output/nct_inputs/14187/community_11_config.yaml
14187,80,Frontoparietal,0.0332577284189193,0.1362889983579638,0.3919528972749435,Salience,0.0293069991985681,0.1111111111111111,NA,NA
14187,175,Default_Dorsolateral,0.1022406048398045,0.1397979797979797,0.0325691201791947,Salience,0.0442628542088924,0.3127272727272728,NA,NA
14206,127,Default_Dorsolateral,0.0712849326142764,0.1464646464646464,0.3914614334059026,Salience,0.0407034951606957,0.1843434343434343,NA,NA
14206,200,Salience,0.0179881409649931,0.4438557763061073,0.317341861205523,Frontoparietal,0.0987604526733231,0.0613686534216335,NA,NA
14206,205,Frontoparietal,0.0789426753828329,0.1242316784869976,0.2105921220599576,Salience,0.0255063929912123,0.3176122931442081,NA,NA
14206,207,Salience,0.0084911647522386,0.2756680731364274,0.2693242899009982,Default_Dorsolateral,0.0378943663330593,0.0486638537271448,NA,NA
14211,16,CinguloOpercular/Action-mode,0.0947287177474433,0.1862165963431794,0.2354360093886815,Salience,0.1185123249875516,0.120480363518338,/scratch/network/mattonim/pfm_output/nct_inputs/14211/community_16.mat,/scratch/network/mattonim/pfm_output/nct_inputs/14211/community_16_config.yaml
14211,17,Salience,0.1235060895806403,0.1590208233985055,0.1464583383763972,Default_Dorsolateral,0.1023859611148615,0.1673183913527258,/scratch/network/mattonim/pfm_output/nct_inputs/14211/community_17.mat,/scratch/network/mattonim/pfm_output/nct_inputs/14211/community_17_config.yaml
14211,30,Default_Anterolateral,0.0345701104887342,0.2315177923021068,0.1559332055553078,Salience,0.114594299583042,0.0604212055192446,NA,NA
14211,63,Default_Anterolateral,0.0592203761036773,0.1754830917874394,0.0982096996824509,Salience,0.0781763582355381,0.1210446859903379,NA,NA
14211,182,Salience,0.0780594138638785,0.3636752136752136,0.1831311673748819,CinguloOpercular/Action-mode,0.0493377896159732,0.4863247863247864,NA,NA
14213,61,Frontoparietal,0.1267480876588572,0.2308450357230842,0.3753499100448364,Salience,0.1202661362613652,0.1768908598176889,NA,NA
14213,73,Salience,0.0897587422245024,0.0097416744475567,0.2991721668025,Default_Dorsolateral,0.0961107286766906,0.0070028011204481,NA,NA
14213,86,Salience,0.0952542479736942,0.1139208173690932,0.1985493119029661,Default_Anterolateral,0.0351643644356759,0.2574712643678162,NA,NA
14213,103,Default_Dorsolateral,0.0692311475488267,0.2412081984897517,0.1837185105043043,Salience,0.0777497317190458,0.1814455231930959,NA,NA
14213,109,Salience,0.0652692264871964,0.3188405797101449,0.1726115909262098,Frontoparietal,0.0992879387248854,0.178743961352657,NA,NA
14213,138,Default_Dorsolateral,0.0847496891595829,0.1016072676450034,0.0218017933626812,Salience,0.1114573207624572,0.0756114605171209,NA,NA
14213,208,Salience,0.0819082147353642,0.2136004857316332,0.3582631152834498,Default_Dorsolateral,0.0785734140622122,0.1639344262295081,NA,NA
14213,234,Frontoparietal,0.1516347537550122,0.1198678232135481,0.2959508502188405,Salience,0.0995173046552348,0.1409334985543163,NA,NA
14213,240,Salience,0.1028533627325011,0.3156462585034014,0.1861318373274616,Frontoparietal,0.1204639351289766,0.2272108843537414,NA,NA
14213,255,Salience,0.0908593983133527,0.0131172839506172,0.2822425677560536,Language,0.0104931697692641,0.0885802469135802,NA,NA
14226,7,Salience,0.0846888412774787,0.1281945162959133,0.3974981955460636,Default_Anterolateral,0.0767989766646911,0.101155371615796,/scratch/network/mattonim/pfm_output/nct_inputs/14226/community_7.mat,/scratch/network/mattonim/pfm_output/nct_inputs/14226/community_7_config.yaml
14226,12,Frontoparietal,0.0483880077435217,0.3087334247828076,0.0161055896652776,Salience,0.1354696780189426,0.108527663465935,/scratch/network/mattonim/pfm_output/nct_inputs/14226/community_12.mat,/scratch/network/mattonim/pfm_output/nct_inputs/14226/community_12_config.yaml
14236,66,Default_Anterolateral,0.0854407830188048,0.0941858642845947,0.2604197332450629,Salience,0.0308265177161058,0.2071148722770725,NA,NA
14236,95,Salience,0.0697441364598808,0.2612504978096375,0.3688579578259607,CinguloOpercular/Action-mode,0.0497671153236651,0.2674631620868178,NA,NA
14236,231,Salience,0.0845394950799826,0.1696296296296295,0.0754397662380519,Default_Dorsolateral,0.0575128253661509,0.2318518518518518,NA,NA
14241,21,Salience,0.0716981117393298,0.166241009834141,0.1715193470357726,Default_Anterolateral,0.1064274685046873,0.0955966534566271,NA,NA
14241,54,Language,0.0739334987138737,0.1476430976430976,0.2723884375540006,Salience,0.0590145087199674,0.1453703703703703,NA,NA
14241,57,Salience,0.1023197071832478,0.147936972059779,0.1699680930375056,Default_Dorsolateral,0.0841205992782204,0.1538011695906437,NA,NA
14241,59,Salience,0.1264365337624904,0.1317481680873334,0.2688107826611729,Default_Parietal,0.0948685218196328,0.1383879168535962,NA,NA
14241,115,Salience,0.0573993968125508,0.1359173126614986,0.2569976972879458,Default_Retrosplenial,0.0120699512009969,0.5142118863049095,NA,NA
14245,96,MedialParietal,0.0275421935843436,0.0259259259259259,0.1783486693883363,Salience,0.0071300054600659,0.084990253411306,NA,NA
14249,6,Salience,0.0870884188534429,0.1328207944352918,0.0350859746858966,CinguloOpercular/Action-mode,0.0730780221789808,0.1529196412227713,/scratch/network/mattonim/pfm_output/nct_inputs/14249/community_6.mat,/scratch/network/mattonim/pfm_output/nct_inputs/14249/community_6_config.yaml
14249,55,Salience,0.008060093931583,0.4065485775630704,0.0127694233583212,Frontoparietal,0.0312966995046957,0.1033816425120772,NA,NA
14249,63,Salience,0.1168978433907732,0.0398440545808966,0.1640039631555854,CinguloOpercular/Action-mode,0.0478716233506756,0.0835867446393762,NA,NA
14249,219,Default_Retrosplenial,0.0060555973975275,0.6661375661375661,0.0381671358933171,Salience,0.0751915575978808,0.0516754850088183,NA,NA
14251,9,Salience,0.1183256735567996,0.1019037159070106,0.100796583409766,CinguloOpercular/Action-mode,0.0484614621048922,0.2260296540362445,/scratch/network/mattonim/pfm_output/nct_inputs/14251/community_9.mat,/scratch/network/mattonim/pfm_output/nct_inputs/14251/community_9_config.yaml
14251,89,Default_Parietal,0.0057505815474227,0.1656821378340366,0.3208339609476747,Salience,0.0028620078768618,0.2520393811533051,NA,NA
14255,18,Salience,0.0824140665605718,0.240207522697795,0.1083539120465296,CinguloOpercular/Action-mode,0.0528973710771744,0.3376567228707309,/scratch/network/mattonim/pfm_output/nct_inputs/14255/community_18.mat,/scratch/network/mattonim/pfm_output/nct_inputs/14255/community_18_config.yaml
14255,20,CinguloOpercular/Action-mode,0.0493129226778992,0.176921508664628,0.0470826571083815,Salience,0.063442268257511,0.1313353720693169,NA,NA
14255,23,Frontoparietal,0.056893593650589,0.1480415667466026,0.1689953611461825,Salience,0.0285199991365963,0.2526298960831335,NA,NA
14255,75,Default_Parietal,0.0089440520453082,0.4851153039832284,0.2987046558106609,Salience,0.0303548416350209,0.1100628930817609,NA,NA
14284,1,Salience,0.1907319997216609,0.117952883834281,0.0596449611609094,CinguloOpercular/Action-mode,0.0637830012422167,0.3328639768932218,/scratch/network/mattonim/pfm_output/nct_inputs/14284/community_1.mat,/scratch/network/mattonim/pfm_output/nct_inputs/14284/community_1_config.yaml
14284,10,Frontoparietal,0.1089908281394704,0.3277348445818313,0.2676292194276372,Salience,0.1829256790991868,0.1540443070582171,/scratch/network/mattonim/pfm_output/nct_inputs/14284/community_10.mat,/scratch/network/mattonim/pfm_output/nct_inputs/14284/community_10_config.yaml
14284,24,Salience,0.1806874562991434,0.0853909465020576,0.0271393435361843,Default_Dorsolateral,0.0915410825904545,0.1640946502057612,NA,NA
14284,45,Salience,0.1033831532379858,0.1603864734299517,0.088054089256461,Default_Dorsolateral,0.0906479795325718,0.1681159420289855,NA,NA
14284,52,Default_Dorsolateral,0.0800020648637164,0.0923976608187134,0.3351164498207758,Salience,0.1577930555566148,0.0350877192982456,NA,NA
14284,104,Default_Dorsolateral,0.0919525925817575,0.1611814345991561,0.0411059939181831,Salience,0.1847026348675533,0.0770745428973277,NA,NA
14284,188,Salience,0.1876053112872578,0.0516908212560386,0.0800784828347797,Default_Dorsolateral,0.0520601454176134,0.172463768115942,NA,NA
14284,212,Salience,0.1381539632202504,0.1032679738562091,0.2275091686963323,Default_Retrosplenial,0.0253933748339385,0.457703081232493,NA,NA
14285,17,Salience,0.0861220300988683,0.0741979898113725,0.234476781575481,Default_Dorsolateral,0.0350870891908173,0.1475285694616551,/scratch/network/mattonim/pfm_output/nct_inputs/14285/community_17.mat,/scratch/network/mattonim/pfm_output/nct_inputs/14285/community_17_config.yaml
14285,98,DorsalAttention,0.0549966496610125,0.1659973226238286,0.2034121093564463,Salience,0.0889619121511907,0.0852744310575636,NA,NA
14285,187,Salience,0.0558561594396806,0.0097777777777777,0.280458643995974,Default_Dorsolateral,0.0266578852957393,0.0159999999999999,NA,NA
14294,14,Frontoparietal,0.0313143451266243,0.288206028680129,0.1512887514935648,Salience,0.0464335264115301,0.1688225538971808,/scratch/network/mattonim/pfm_output/nct_inputs/14294/community_14.mat,/scratch/network/mattonim/pfm_output/nct_inputs/14294/community_14_config.yaml
14294,30,Frontoparietal,0.034436351617934,0.2650024473813017,0.3474492581266892,Salience,0.0818398783699825,0.082754119758525,NA,NA
14294,103,Frontoparietal,0.0232630151866329,0.0126984126984126,0.1851349785061004,Salience,0.0405243883049214,0.0061507936507936,NA,NA
14295,106,Salience,0.0390543351052517,0.2451706608569352,0.2690440916760376,CinguloOpercular/Action-mode,0.1267013150427586,0.0595497458242556,NA,NA
14303,45,Default_Anterolateral,0.0370646157512741,0.2529550827423168,0.1336217597315147,Salience,0.028984635031189,0.2853427895981087,NA,NA
14312,2,Salience,0.058638066856608,0.1190656565656564,0.0187611498696397,Frontoparietal,0.0356931548330377,0.1920033670033668,/scratch/network/mattonim/pfm_output/nct_inputs/14312/community_2.mat,/scratch/network/mattonim/pfm_output/nct_inputs/14312/community_2_config.yaml
14312,21,CinguloOpercular/Action-mode,0.0142302202948052,0.1869879518072287,0.265679050110946,Salience,0.0334421484113718,0.0628647925033466,NA,NA
14312,25,Salience,0.0934990417894546,0.0341740513519654,0.0090565525179497,DorsalAttention,0.0139583767792499,0.2268575323790048,NA,NA
14312,26,Salience,0.049346622681956,0.1103832155855277,0.3803482079688609,CinguloOpercular/Action-mode,0.0282618699131935,0.1396274887604366,NA,NA
14312,71,Salience,0.0613472477763736,0.1128205128205128,0.130642771425811,Default_Dorsolateral,0.020062053689988,0.3051282051282051,NA,NA
14312,132,Salience,0.0545856674690478,0.1477477477477477,0.1009574906242095,Frontoparietal,0.0286308065490874,0.2558558558558558,NA,NA
14312,176,CinguloOpercular/Action-mode,0.0630087810631022,0.1625925925925926,0.2114658310475819,Salience,0.0971597897842023,0.087037037037037,NA,NA
14316,14,Salience,0.0203069081405322,0.2381224789145585,0.1305294810926601,Default_Parietal,0.0132041276866512,0.3239310597726447,/scratch/network/mattonim/pfm_output/nct_inputs/14316/community_14.mat,/scratch/network/mattonim/pfm_output/nct_inputs/14316/community_14_config.yaml
14316,15,Salience,0.045513739423427,0.1207977207977206,0.3812927901966982,Default_Anterolateral,0.03722850761238,0.1069153069153068,/scratch/network/mattonim/pfm_output/nct_inputs/14316/community_15.mat,/scratch/network/mattonim/pfm_output/nct_inputs/14316/community_15_config.yaml
14316,43,Frontoparietal,0.0126396980076778,0.473762183235868,0.0726980279119453,Salience,0.0429994343841954,0.1298245614035087,NA,NA
14316,49,Default_Dorsolateral,0.0215510339455945,0.3138624338624338,0.3598095067694818,Salience,0.0289095041829781,0.172063492063492,NA,NA
14316,51,Salience,0.0374623445726107,0.0635933806146571,0.3425385273154404,Default_Parietal,0.006963085302507,0.2548463356973995,NA,NA
14316,137,CinguloOpercular/Action-mode,0.0038374010852426,0.604074074074074,0.2792707346122391,Salience,0.0436828200566818,0.0414814814814814,NA,NA
14316,142,Salience,0.0355589066774463,0.2623423423423422,0.3681998614124673,Frontoparietal,0.0313597734370262,0.2174174174174174,NA,NA
14319,32,Default_Parietal,0.053617356572045,0.2973195417639864,0.1610581602186238,Salience,0.0470133536253375,0.2920476031587148,NA,NA
14319,70,Salience,0.0640041510436249,0.1352585765488991,0.0475082542945763,Default_Anterolateral,0.1181244746818944,0.069964157706093,NA,NA
14319,77,Salience,0.0641433693373645,0.2024892509617558,0.2621306692641285,Frontoparietal,0.0341609638149744,0.3012446254808777,NA,NA
14328,158,CinguloOpercular/Action-mode,0.0246193660049937,0.0691358024691358,0.0772579045149088,Salience,0.0767885475057418,0.0205761316872427,NA,NA
14328,201,Default_Dorsolateral,0.0330470918043348,0.3012186379928315,0.3719259984001062,Salience,0.0611960095283346,0.1185663082437275,NA,NA
14328,219,Salience,0.1027349895839654,0.1736752136752136,0.0685944741589428,Default_Dorsolateral,0.0676912967734303,0.2466666666666666,NA,NA
14333,152,Salience,0.021770989537077,0.3771336553945249,0.2262443015051398,Default_Anterolateral,0.0855562593661457,0.0782608695652173,NA,NA
27999,23,Default_Anterolateral,0.0185504890660078,0.3292149292149291,0.1324665651356566,Salience,0.0472219284458379,0.1141999141999142,NA,NA
28001,39,Salience,0.116333676622253,0.132986111111111,0.2527114245076417,Frontoparietal,0.0652913954490345,0.1891493055555554,NA,NA
28001,40,Frontoparietal,0.0712236281859038,0.2463636363636364,0.1533947425805241,Salience,0.1202966676746191,0.1264646464646464,NA,NA
28001,157,Salience,0.1120421975979517,0.2655367231638418,0.3862186650374692,Frontoparietal,0.0709616079833678,0.3024482109227872,NA,NA
28003,4,Salience,0.1003159793078892,0.0357288481141691,0.1200119935029012,Default_Parietal,0.0220884371359998,0.1448776758409783,/scratch/network/mattonim/pfm_output/nct_inputs/28003/community_4.mat,/scratch/network/mattonim/pfm_output/nct_inputs/28003/community_4_config.yaml
28003,6,Default_Parietal,0.0489669410671514,0.2930377948280762,0.0061636397416085,Salience,0.1167645067357914,0.1221369707303211,/scratch/network/mattonim/pfm_output/nct_inputs/28003/community_6.mat,/scratch/network/mattonim/pfm_output/nct_inputs/28003/community_6_config.yaml
28003,7,Default_Parietal,0.0527231768577747,0.294559215832248,0.3828073588583516,Salience,0.1161044252955169,0.0967305664123084,/scratch/network/mattonim/pfm_output/nct_inputs/28003/community_7.mat,/scratch/network/mattonim/pfm_output/nct_inputs/28003/community_7_config.yaml
28003,19,Salience,0.1147231535780057,0.0664190653048591,0.1268347046152219,Default_Anterolateral,0.0533149033362254,0.1268337975858867,/scratch/network/mattonim/pfm_output/nct_inputs/28003/community_19.mat,/scratch/network/mattonim/pfm_output/nct_inputs/28003/community_19_config.yaml
28003,42,Salience,0.0911443893911016,0.1187928669410151,0.2660173258426191,Premotor/DorsalAttentionII,0.0377054374185144,0.2268175582990397,NA,NA
28003,68,Salience,0.1067632551466889,0.1878508266051517,0.2322722062270453,CinguloOpercular/Action-mode,0.0586478017564456,0.277508650519031,NA,NA
28003,131,Default_Dorsolateral,0.0250956771642064,0.3990543735224586,0.2052993888150789,Salience,0.10948922770203,0.075886524822695,NA,NA
28004,9,Salience,0.0712343035723395,0.1197366255144033,0.2714340860953316,CinguloOpercular/Action-mode,0.0554172541920734,0.1210534979423874,/scratch/network/mattonim/pfm_output/nct_inputs/28004/community_9.mat,/scratch/network/mattonim/pfm_output/nct_inputs/28004/community_9_config.yaml
28004,24,Salience,0.041648136747253,0.2588498045784478,0.2879094713836104,CinguloOpercular/Action-mode,0.0770390344526799,0.1086543830262423,NA,NA
28004,163,Salience,0.0708136588926411,0.0386130811662726,0.1178896992106367,Frontoparietal,0.0239502007928335,0.1021276595744679,NA,NA
28004,204,Salience,0.0233813525635357,0.1845904298459042,0.1473743143668167,CinguloOpercular/Action-mode,0.0587096746533049,0.0640713706407136,NA,NA
28034,35,Default_Dorsolateral,0.0652672846182892,0.2562962962962963,0.1553282612717476,Salience,0.0818982230273469,0.1767901234567901,NA,NA
28034,57,Salience,0.0165826615653454,0.0601010101010101,0.0645249995941726,CinguloOpercular/Action-mode,0.0712971197709489,0.0131313131313131,NA,NA
28034,58,Salience,0.0536389183849916,0.1091284593143329,0.0007242304052403,Default_Parietal,0.0078673035025488,0.7434944237918216,NA,NA
28034,68,CinguloOpercular/Action-mode,0.0490628279377424,0.1682703321878589,0.2333209716752595,Salience,0.1310865676693512,0.0510652920962198,NA,NA
28034,94,Salience,0.0589720593472601,0.1241523213354198,0.2758998637434188,Frontoparietal,0.0234050084354615,0.2451747522170054,NA,NA
28034,103,Salience,0.1110465144044509,0.1080582179623712,0.2442424974716074,Frontoparietal,0.0568827036650816,0.1695420660276889,NA,NA
28034,117,Salience,0.1645450008363675,0.1844755970924193,0.1032058303504452,Frontoparietal,0.0830490381018539,0.331308411214953,NA,NA
28043,20,Frontoparietal,0.0737301487860729,0.2724047991653626,0.072338634748502,Salience,0.0888727583142605,0.2107459572248303,NA,NA
28043,41,Frontoparietal,0.0663624412124106,0.1920962199312714,0.0381113141169416,Salience,0.0809087727348173,0.1517754868270331,NA,NA
28096,13,Salience,0.0478404413144071,0.0129812981298129,0.0928733960623172,CinguloOpercular/Action-mode,0.0487305670748487,0.0116611661166116,/scratch/network/mattonim/pfm_output/nct_inputs/28096/community_13.mat,/scratch/network/mattonim/pfm_output/nct_inputs/28096/community_13_config.yaml
28096,24,Salience,0.0160295141584984,0.1038647342995168,0.0568878729928584,Default_Anterolateral,0.0133095637350855,0.1183574879227053,NA,NA
28096,28,CinguloOpercular/Action-mode,0.0462049889417877,0.4342533616418965,0.2965993241981681,Salience,0.0587794463098126,0.2632696390658172,NA,NA
28096,31,CinguloOpercular/Action-mode,0.0223324178734103,0.10327868852459,0.2232162296064098,Salience,0.0341267893851684,0.0552519732847601,NA,NA
28096,66,CinguloOpercular/Action-mode,0.0476621735072073,0.13243307273158,0.0159297587693619,Salience,0.0555976061920769,0.111750769959725,NA,NA
28129,73,Default_Parietal,0.0108863521452567,0.7405128205128205,0.0793342803199162,Salience,0.1126116002853102,0.0663247863247863,NA,NA
28129,75,Salience,0.0526128308492693,0.2734204793028322,0.0169453366116518,Default_Parietal,0.0626424132225808,0.2258169934640523,NA,NA
28129,88,Default_Parietal,0.0616315089627742,0.123148148148148,0.0886771661877166,Salience,0.05036329490549,0.1384259259259259,NA,NA
28132,10,Salience,0.1077766794274491,0.0878618113912231,0.2298208039797536,Frontoparietal,0.0351365808073689,0.219140989729225,/scratch/network/mattonim/pfm_output/nct_inputs/28132/community_10.mat,/scratch/network/mattonim/pfm_output/nct_inputs/28132/community_10_config.yaml
28132,28,CinguloOpercular/Action-mode,0.0879106273920022,0.1089175011921792,0.1504053812931679,Salience,0.0786909942684239,0.1057701478302336,NA,NA
28132,86,CinguloOpercular/Action-mode,0.1468783482964775,0.0176954732510288,0.006727879875062,Salience,0.0814748209160416,0.0316872427983539,NA,NA
28132,160,Salience,0.056485513211479,0.1491358024691358,0.3543734904967368,Frontoparietal,0.0216041419703593,0.2879012345679012,NA,NA
28132,173,Salience,0.1106865320651535,0.0866666666666666,0.0979971634225609,CinguloOpercular/Action-mode,0.2194768859499048,0.0398067632850241,NA,NA
28146,21,Default_Dorsolateral,0.1144230209059549,0.2353276353276353,0.2304867063841337,Salience,0.0851549685948254,0.2569800569800567,NA,NA
28146,59,Frontoparietal,0.0524746924920697,0.3531090723751273,0.2267241174440449,Salience,0.0866025883860695,0.1744138634046889,NA,NA
28167,12,Salience,0.0971695029891152,0.0990319865319864,0.2763584163547311,Default_Dorsolateral,0.0677257129720762,0.1113215488215487,/scratch/network/mattonim/pfm_output/nct_inputs/28167/community_12.mat,/scratch/network/mattonim/pfm_output/nct_inputs/28167/community_12_config.yaml
28167,23,Frontoparietal,0.0765716795842843,0.0181286549707602,0.040488188897842,Salience,0.0399070700045244,0.0334307992202729,NA,NA
28167,45,Salience,0.055113276498284,0.1216765873015872,0.3546391310299566,CinguloOpercular/Action-mode,0.019307392701174,0.2563988095238093,NA,NA
28167,72,MedialParietal,0.1439214119971595,0.2363712026633375,0.3313873208844456,Salience,0.1357209009326798,0.1882646691635455,NA,NA
28167,142,Frontoparietal,0.0630496617858355,0.2483980913428765,0.3788433380203033,Salience,0.0503101805974003,0.2257668711656442,NA,NA
28167,165,Frontoparietal,0.1187870522639558,0.2165725047080979,0.1092349166904642,Salience,0.0739210992857466,0.3137476459510357,NA,NA
28167,210,Default_Dorsolateral,0.0435382662882679,0.0441127694859038,0.1486912343672528,Salience,0.0752392854761959,0.0222222222222222,NA,NA
28176,14,Salience,0.0075282476730289,0.04,0.1714548863745575,Default_Anterolateral,0.057837676760176,0.0044444444444444,/scratch/network/mattonim/pfm_output/nct_inputs/28176/community_14.mat,/scratch/network/mattonim/pfm_output/nct_inputs/28176/community_14_config.yaml
28176,36,Default_Anterolateral,0.0762398367264557,0.1333333333333332,0.1954565529557818,Salience,0.0267131600032045,0.3183183183183183,NA,NA
28176,199,CinguloOpercular/Action-mode,0.0380228226667534,0.0172470978441127,0.0422954974366248,Salience,0.0948477079452892,0.0066334991708126,NA,NA
28177,17,Salience,0.0493658048144177,0.0995142262317835,0.0786563810561626,Frontoparietal,0.026218758787079,0.1737065309584398,/scratch/network/mattonim/pfm_output/nct_inputs/28177/community_17.mat,/scratch/network/mattonim/pfm_output/nct_inputs/28177/community_17_config.yaml
28177,37,Salience,0.0494736058617483,0.0539007092198581,0.3656788413455081,CinguloOpercular/Action-mode,0.0794193798814738,0.0245862884160756,NA,NA
28177,38,Default_Parietal,0.0062146862392332,0.3912568306010929,0.0443838784300886,Salience,0.0423941574686749,0.0549180327868852,NA,NA
28177,64,CinguloOpercular/Action-mode,0.0694545091255191,0.0423825887743413,0.0697592356643072,Salience,0.0498389733393655,0.0552119129438717,NA,NA
28177,83,Salience,0.0385997155267786,0.2985074626865673,0.0062469850715543,CinguloOpercular/Action-mode,0.0656767392667913,0.1743504698728579,NA,NA
28178,1,Frontoparietal,0.0861802311660447,0.1199327383262201,0.226591960821767,Salience,0.1014798368862854,0.0830358297762259,/scratch/network/mattonim/pfm_output/nct_inputs/28178/community_1.mat,/scratch/network/mattonim/pfm_output/nct_inputs/28178/community_1_config.yaml
28178,20,Salience,0.1078664563607576,0.1656957928802588,0.1450252226406513,Frontoparietal,0.0595710231011686,0.2620280474649403,NA,NA
28178,35,Frontoparietal,0.0803893009066861,0.2809286898839138,0.2272712261410916,Salience,0.0651945887337802,0.2822553897180762,NA,NA
28178,48,Salience,0.0800547127846659,0.0484168711298048,0.2235112051813259,Frontoparietal,0.0527105732621877,0.0601004790279237,NA,NA
28178,74,Frontoparietal,0.0672395853973952,0.3489711934156378,0.1038094248319878,Salience,0.098393742070484,0.2160493827160494,NA,NA
28178,76,Default_Parietal,0.0131185489392373,0.7333333333333333,0.3365667554819156,Salience,0.097169583162064,0.074074074074074,NA,NA
28178,107,Frontoparietal,0.0227102622065424,0.4893081761006288,0.3801823496835644,Salience,0.0771182539876062,0.1044025157232704,NA,NA
28178,138,Default_Dorsolateral,0.0591424467479975,0.3275985663082438,0.1380828731652361,Salience,0.1006304921879256,0.1691756272401434,NA,NA
28178,142,Default_Dorsolateral,0.0276285246785366,0.1858024691358024,0.0074126213655348,Salience,0.0882887141987045,0.057716049382716,NA,NA
28178,145,CinguloOpercular/Action-mode,0.0136474328572894,0.0289682539682539,0.0568592980461914,Salience,0.1122218355145819,0.0033333333333333,NA,NA
28178,175,Salience,0.0699511290704803,0.1738562091503268,0.3812772844631736,CinguloOpercular/Action-mode,0.0313275938754797,0.2810457516339869,NA,NA
28275,23,Default_Dorsolateral,0.1905679305011846,0.1383986928104577,0.2287888199976765,Salience,0.1164989250745451,0.1842394533571009,NA,NA
28279,10,Default_Parietal,0.0641405387692334,0.2386558744174637,0.3333111775868298,Salience,0.0583268983868542,0.1968359087564384,/scratch/network/mattonim/pfm_output/nct_inputs/28279/community_10.mat,/scratch/network/mattonim/pfm_output/nct_inputs/28279/community_10_config.yaml
28279,96,Default_Parietal,0.0331063713722455,0.2503506829088222,0.085642874335502,Salience,0.058921699550862,0.1295681063122923,NA,NA
28280,107,Salience,0.0161292811397822,0.2188426590148252,0.0199345307764033,Language,0.0612225276017865,0.0565279770444762,NA,NA
28281,53,CinguloOpercular/Action-mode,0.0212649831362545,0.0342749529190207,0.3804519627830601,Salience,0.0054019153481078,0.0977401129943502,NA,NA
28281,182,Salience,0.067667357705605,0.1679999999999999,0.2280513514605622,Default_Dorsolateral,0.0280705282486056,0.3297777777777777,NA,NA
28281,194,Salience,0.0431521626113157,0.2354657687991021,0.1975794722039133,Default_Dorsolateral,0.0327826761485122,0.2588103254769921,NA,NA
28282,3,Salience,0.0107623936624571,0.1582600856434527,0.1722441165065946,Visual_Dorsal/VentralStream,0.0336829176452792,0.0431372549019607,/scratch/network/mattonim/pfm_output/nct_inputs/28282/community_3.mat,/scratch/network/mattonim/pfm_output/nct_inputs/28282/community_3_config.yaml
28282,44,Salience,0.06324221507271,0.3179352580927383,0.2376666490774109,Default_Parietal,0.0410727517639427,0.3955380577427817,NA,NA
28282,47,Default_Parietal,0.0409319227167437,0.4704435660957397,0.0738462308901993,Salience,0.060151820895063,0.2981115502854633,NA,NA
28282,77,CinguloOpercular/Action-mode,0.0109915645720364,0.586724386724387,0.1755497799468232,Salience,0.0185235345354114,0.2961616161616162,NA,NA
28282,82,Salience,0.0481052942677316,0.0684807256235827,0.3671462873032898,Default_Dorsolateral,0.0173067874517897,0.1392290249433106,NA,NA
28282,92,Frontoparietal,0.0257544352643087,0.2711805555555555,0.3945282073380114,Salience,0.0241683469818051,0.207222222222222,NA,NA
28282,113,Salience,0.0296232855974204,0.1649999999999999,0.0148014147225036,Default_Dorsolateral,0.0211458308667956,0.2277777777777777,NA,NA
28282,126,Default_Anterolateral,0.0074272464444572,0.3937777777777778,0.113850448329391,Salience,0.0256123738697337,0.1025185185185185,NA,NA
28282,129,DorsalAttention,0.0340053874316186,0.0354700854700854,0.0564857539206005,Salience,0.0096707440159102,0.1180555555555555,NA,NA
28284,44,Salience,0.0729076057042415,0.1502387774594075,0.2764067645545914,CinguloOpercular/Action-mode,0.1688887919993004,0.0508118433619865,NA,NA
28284,68,Salience,0.0688868207712012,0.0295019157088122,0.3790735899272272,CinguloOpercular/Action-mode,0.1479333450347522,0.0099616858237547,NA,NA
28284,108,Salience,0.0688547239554352,0.0237037037037037,0.3561252486544481,CinguloOpercular/Action-mode,0.1676319222661191,0.0071794871794871,NA,NA
28289,87,Salience,0.0391418567469128,0.1833333333333333,0.2794300013615503,Default_Anterolateral,0.0239081405120283,0.2345959595959596,NA,NA
28289,138,MedialParietal,0.0645684429966638,0.0135416666666666,0.3279906533288097,Salience,0.007755522089163,0.0848958333333333,NA,NA
28289,139,Salience,0.0254368448172812,0.0533683289588801,0.3253396599051278,Auditory,0.1026977739457122,0.0099737532808398,NA,NA
28291,29,Salience,0.0651783611518585,0.143349753694581,0.356903744840128,Default_Parietal,0.0223450586477865,0.3081554460864803,NA,NA
28291,35,CinguloOpercular/Action-mode,0.0769799055195038,0.1052631578947368,0.1806152711326145,Salience,0.0842338120346388,0.0814814814814814,NA,NA
28291,40,Salience,0.0792677720760484,0.1719468739876903,0.2271844997177222,CinguloOpercular/Action-mode,0.0651578673557209,0.1704567541302235,NA,NA
28291,182,Salience,0.117587285704309,0.4896135265700483,0.0233740311613872,CinguloOpercular/Action-mode,0.1284641411962094,0.4379227053140097,NA,NA
28291,224,Default_Parietal,0.0141111709347383,0.1712418300653595,0.0598895447028136,Salience,0.014122343889547,0.161437908496732,NA,NA
28292,20,Salience,0.0946926755651073,0.1308243727598566,0.2181986223517277,Default_Parietal,0.0139781146465892,0.7275089605734767,/scratch/network/mattonim/pfm_output/nct_inputs/28292/community_20.mat,/scratch/network/mattonim/pfm_output/nct_inputs/28292/community_20_config.yaml
28292,38,Salience,0.0611275385976494,0.1452292441140024,0.2356566979658192,Default_Anterolateral,0.0258832420829286,0.2775712515489467,NA,NA
28292,48,Default_Retrosplenial,0.0115764991348008,0.4752276867030964,0.0570424832208556,Salience,0.0695211677937392,0.074863387978142,NA,NA
28292,54,Default_Parietal,0.0111674223099642,0.3681602914389799,0.2552808388651817,Salience,0.0764511482037455,0.0428415300546448,NA,NA
28292,60,Salience,0.1030830834874324,0.0465237166991552,0.2103298717356378,CinguloOpercular/Action-mode,0.0876168088843741,0.0452241715399609,NA,NA
28292,68,Salience,0.0955752348537699,0.1185463659147868,0.2432243651864437,CinguloOpercular/Action-mode,0.0660241008956365,0.1380325814536339,NA,NA
28292,109,Salience,0.0995413122214827,0.2396367521367521,0.3601972337745905,CinguloOpercular/Action-mode,0.0626034201957798,0.2801282051282051,NA,NA
28297,36,CinguloOpercular/Action-mode,0.1348437792454365,0.0420185684336627,0.3084000068616109,Salience,0.0336185212572771,0.1288110212638513,NA,NA
28297,52,Salience,0.0310210754407803,0.1023622047244094,0.0007507923753176,Frontoparietal,0.0320950698730796,0.0988626421697287,NA,NA
28297,86,Salience,0.0266520921897492,0.2169117647058823,0.0245868477470846,CinguloOpercular/Action-mode,0.0952596647993259,0.0592320261437908,NA,NA
28297,148,CinguloOpercular/Action-mode,0.1135913420837241,0.009903381642512,0.0189396168372244,Salience,0.0238056152755682,0.0463768115942029,NA,NA
28299,3,Salience,0.057762644349456,0.0669710806697107,0.3342931085257103,CinguloOpercular/Action-mode,0.117098122836695,0.0247590055809233,/scratch/network/mattonim/pfm_output/nct_inputs/28299/community_3.mat,/scratch/network/mattonim/pfm_output/nct_inputs/28299/community_3_config.yaml
28299,38,Frontoparietal,0.0552308002395683,0.1395395395395393,0.1560994972561158,Salience,0.0315571546678402,0.2112445779112444,NA,NA
28299,49,Salience,0.0344511186676556,0.0446808510638297,0.0236349980444813,CinguloOpercular/Action-mode,0.1060153511851687,0.0141843971631205,NA,NA
28299,68,Salience,0.0489344637178719,0.0922180607573865,0.0649535319693679,CinguloOpercular/Action-mode,0.1269636977985892,0.0333749479816895,NA,NA
28307,33,Salience,0.0288908349128613,0.1677321156773208,0.3658087454783787,Default_Dorsolateral,0.0171484878945358,0.2069000507356669,NA,NA
28307,50,Salience,0.0424207743582101,0.0473794549266247,0.2036175981510569,MedialParietal,0.0262878987667805,0.0635220125786163,NA,NA
28307,55,Salience,0.0100752053797207,0.0825396825396825,0.2991903148642127,Auditory,0.0725866882436252,0.0088183421516754,NA,NA
28308,48,Default_Dorsolateral,0.0319284742816795,0.2675381263616556,0.3638708638098554,Salience,0.1230287234863566,0.0509077705156136,NA,NA
28308,244,Salience,0.0422045718287335,0.0904109589041095,0.3495605270610282,Default_Parietal,0.0335307920061646,0.0843226788432267,NA,NA
28312,1,CinguloOpercular/Action-mode,0.0788190818871629,0.0885892364856778,0.0363256957917059,Salience,0.0537616677758507,0.1253266211195018,/scratch/network/mattonim/pfm_output/nct_inputs/28312/community_1.mat,/scratch/network/mattonim/pfm_output/nct_inputs/28312/community_1_config.yaml
28312,35,CinguloOpercular/Action-mode,0.0624696437878938,0.1363511659807955,0.10408093693134,Salience,0.0483517897915952,0.1595564700502972,NA,NA
28312,54,CinguloOpercular/Action-mode,0.0783961993790357,0.0675533388750345,0.2617792891443638,Salience,0.0625936027681825,0.0670545857578275,NA,NA
28312,70,Salience,0.0151677945175733,0.0452054794520547,0.2784618704366332,CinguloOpercular/Action-mode,0.051818184527391,0.0103500761035007,NA,NA
28312,92,Salience,0.030801727866492,0.2930718954248367,0.2727814632616614,CinguloOpercular/Action-mode,0.051575222038955,0.137516339869281,NA,NA
28312,110,CinguloOpercular/Action-mode,0.0680165825270324,0.1681481481481481,0.2961183665197997,Salience,0.0620971868862717,0.1420987654320988,NA,NA
28315,13,Salience,0.0880112434056532,0.2059724894875634,0.2732593074588752,Default_Parietal,0.0769747535963409,0.1849618701446798,/scratch/network/mattonim/pfm_output/nct_inputs/28315/community_13.mat,/scratch/network/mattonim/pfm_output/nct_inputs/28315/community_13_config.yaml
28315,19,Default_Dorsolateral,0.0645059659945358,0.1723602484472047,0.3601388784735567,Salience,0.0877706342252459,0.0931331953071082,/scratch/network/mattonim/pfm_output/nct_inputs/28315/community_19.mat,/scratch/network/mattonim/pfm_output/nct_inputs/28315/community_19_config.yaml
28315,54,Salience,0.0941434144819004,0.4348174889691136,0.1548187761017151,Default_Parietal,0.0730210784622576,0.4854392298435621,NA,NA
28318,54,Frontoparietal,0.0674379243079976,0.3825211176088378,0.3915201926546792,Salience,0.1557622727660493,0.1190166774962094,NA,NA
28320,36,Default_Parietal,0.071083434141611,0.2449002849002847,0.3325076566082106,Salience,0.0415436551864468,0.3144729344729343,NA,NA
28320,47,Salience,0.0356984768479326,0.2173826173826175,0.3149534678897396,CinguloOpercular/Action-mode,0.0654119366031501,0.0902208902208901,NA,NA
28320,85,Default_Parietal,0.06639359211343,0.5135802469135803,0.1109859268351974,Salience,0.0766937123175665,0.400189933523267,NA,NA
28323,4,Visual_Dorsal/VentralStream,0.0365833148277946,0.0568992773261065,0.3978226549971664,Salience,0.0349625945492365,0.0425925925925925,/scratch/network/mattonim/pfm_output/nct_inputs/28323/community_4.mat,/scratch/network/mattonim/pfm_output/nct_inputs/28323/community_4_config.yaml
28323,22,Salience,0.0740562671485611,0.085823025689819,0.3631367986261105,Frontoparietal,0.0140295629573601,0.3323395707791522,NA,NA
28323,32,Salience,0.0773301481201893,0.1515181355654027,0.2150531656790666,CinguloOpercular/Action-mode,0.0493412935126304,0.1954373871655997,NA,NA
28323,87,Salience,0.0720729378124728,0.1974999999999999,0.0337736036053001,CinguloOpercular/Action-mode,0.0330024707150801,0.4172222222222222,NA,NA
28326,193,Salience,0.0767331332291333,0.135064935064935,0.0206452317954354,Default_Anterolateral,0.0684527429192782,0.1483405483405483,NA,NA
28330,71,Salience,0.0584946001645644,0.2933333333333333,0.0183137333519152,Frontoparietal,0.0902669609201084,0.1866666666666666,NA,NA
28330,76,Default_Anterolateral,0.0461015346874218,0.0204444444444444,0.1571934944719107,Salience,0.014177265406993,0.0574502923976607,NA,NA
28330,113,Default_Dorsolateral,0.0560439808091497,0.2555555555555555,0.3812891949055991,Salience,0.0543479784735218,0.1907859078590785,NA,NA
28330,141,CinguloOpercular/Action-mode,0.0411296321344527,0.0109988776655443,0.0722764055503004,Salience,0.0077987879643778,0.0540965207631874,NA,NA
28331,42,Default_Dorsolateral,0.129691042419169,0.1893681917211327,0.3344749607368528,Salience,0.0774699768977351,0.2375599128540304,NA,NA
28331,57,Default_Parietal,0.0348253938767062,0.6172002510985561,0.1470688308320322,Salience,0.0739600626615904,0.2533584431889516,NA,NA
28331,71,Default_Parietal,0.080048444976178,0.5662745098039217,0.0010334327883385,Salience,0.1298395315786414,0.3487581699346405,NA,NA
28331,140,Salience,0.1384965554505426,0.1547654320987654,0.101266255431973,CinguloOpercular/Action-mode,0.0640662502177943,0.3038024691358024,NA,NA
28332,66,Default_Parietal,0.0222215204046983,0.3644444444444444,0.1201540452253145,Salience,0.1184496848840557,0.061037037037037,NA,NA
28334,41,CinguloOpercular/Action-mode,0.1027864614887755,0.2585823754789274,0.1132992732977386,Salience,0.1129228217189323,0.2114176245210724,NA,NA
28334,48,Salience,0.1072803663125614,0.1444177990940579,0.2923724189945855,CinguloOpercular/Action-mode,0.0818327446948694,0.1464961364241939,NA,NA
28334,61,Salience,0.1094955862806526,0.0320987654320987,0.2150055317645796,CinguloOpercular/Action-mode,0.0663142856229456,0.0436213991769547,NA,NA
28334,70,Salience,0.1055054022803016,0.1069999999999999,0.071063342590321,CinguloOpercular/Action-mode,0.1140151342207303,0.0924444444444444,NA,NA
28334,122,Default_Anterolateral,0.0230414191477177,0.3235294117647058,0.1551430076744492,Salience,0.0925656693777195,0.0697167755991285,NA,NA
28334,181,Salience,0.0507921484945929,0.0283625730994152,0.0176905261116637,CinguloOpercular/Action-mode,0.0436143704087865,0.0324561403508772,NA,NA
28335,24,Salience,0.0676861905878011,0.2128029263831731,0.3218568982116028,Default_Dorsolateral,0.0688358922510836,0.1582990397805209,NA,NA
28339,53,Default_Anterolateral,0.0220123927110172,0.222127659574468,0.3237880014278865,Salience,0.0441355515170446,0.0836879432624112,NA,NA
28339,70,Salience,0.0503903251690187,0.0288998357963875,0.1341092828130778,MedialParietal,0.009354027579206,0.1372742200328407,NA,NA
28339,113,Salience,0.0860045652521811,0.0977309941520467,0.1289697628075596,Default_Dorsolateral,0.0516854076026208,0.144046783625731,NA,NA
28339,138,CinguloOpercular/Action-mode,0.0411254347749896,0.3115264797507787,0.3928737068542874,Salience,0.0490458505819935,0.1875389408099686,NA,NA
28348,70,Salience,0.2000967500227792,0.1451676528599605,0.375312436254492,Default_Dorsolateral,0.105119765624016,0.2009204470742931,NA,NA
28348,90,Default_Dorsolateral,0.0607660374898353,0.1722222222222222,0.2653749408044654,Salience,0.1161692129199972,0.07119341563786,NA,NA
28348,137,CinguloOpercular/Action-mode,0.0536139858635938,0.1284848484848485,0.1916043972303419,Salience,0.051466936993889,0.1123232323232323,NA,NA
28349,12,Frontoparietal,0.0296055801049865,0.2560953992426077,0.0551137283661934,Salience,0.0730650167004189,0.0983482394649908,/scratch/network/mattonim/pfm_output/nct_inputs/28349/community_12.mat,/scratch/network/mattonim/pfm_output/nct_inputs/28349/community_12_config.yaml
28349,23,Default_Dorsolateral,0.0958123885612433,0.1603331598125983,0.164366275402234,Salience,0.1057879577802285,0.1247151367921802,NA,NA
28349,34,Default_Parietal,0.0411837772175881,0.1482456140350877,0.1534005162888851,Salience,0.1040410545477011,0.0508771929824561,NA,NA
28349,67,CinguloOpercular/Action-mode,0.1228401686605528,0.0130141190914671,0.0344459801446685,Salience,0.0298281282743778,0.0518109269490485,NA,NA
28349,116,Frontoparietal,0.0230480907954911,0.1721583652618135,0.119644768493044,Salience,0.0163806521173109,0.2163473818646232,NA,NA
28354,77,Salience,0.0962276769441108,0.1466666666666666,0.1236783811772128,Default_Dorsolateral,0.0561456641390146,0.2237037037037036,NA,NA
28356,6,CinguloOpercular/Action-mode,0.0860946012852794,0.0253032928942807,0.1081287548396835,Salience,0.0474393568790706,0.0414404005391873,/scratch/network/mattonim/pfm_output/nct_inputs/28356/community_6.mat,/scratch/network/mattonim/pfm_output/nct_inputs/28356/community_6_config.yaml
28356,11,CinguloOpercular/Action-mode,0.0778519716461397,0.0608219178082191,0.0551672682487366,Salience,0.0971544707478263,0.0461897513952307,/scratch/network/mattonim/pfm_output/nct_inputs/28356/community_11.mat,/scratch/network/mattonim/pfm_output/nct_inputs/28356/community_11_config.yaml
28356,113,CinguloOpercular/Action-mode,0.0766214811430851,0.0146709816612729,0.2670182459661511,Salience,0.0178792275016658,0.0496224379719525,NA,NA
28360,50,Frontoparietal,0.0399977073822846,0.1422535211267603,0.095699610651941,Salience,0.03148830478874,0.1649139280125193,NA,NA
28360,55,Salience,0.0584096427036495,0.2063260340632603,0.0081415973726046,CinguloOpercular/Action-mode,0.0750479162725268,0.1592862935928628,NA,NA
28360,63,Salience,0.0842682117647133,0.1245536651963872,0.0387412362125648,CinguloOpercular/Action-mode,0.059723541660397,0.169187145557656,NA,NA
28360,77,Salience,0.1038151540596657,0.1876579203109815,0.1173843548604419,Visual_Lateral,0.1117571239532795,0.1560090702947846,NA,NA
28360,128,Salience,0.0943633884210121,0.1381720430107526,0.3020670700491872,Frontoparietal,0.0596646047627089,0.167831541218638,NA,NA
28360,134,Salience,0.0888735705930974,0.1429867184969225,0.3026212204521216,CinguloOpercular/Action-mode,0.0181987390014591,0.5360544217687078,NA,NA
28360,173,Salience,0.0149008048251949,0.111111111111111,0.1362133702534043,CinguloOpercular/Action-mode,0.0999195613232175,0.0145833333333333,NA,NA
28360,174,Salience,0.0605127216019,0.1067750677506774,0.0081474353935844,Default_Anterolateral,0.024737793844575,0.2590785907859079,NA,NA
28367,91,CinguloOpercular/Action-mode,0.0392034841565039,0.0115555555555555,0.029681321033661,Salience,0.0056458676096106,0.0779259259259259,NA,NA
28371,1,Salience,0.0903422807907048,0.1174390113987427,0.1050817816422692,Default_Parietal,0.0335004983509446,0.2865878342388412,/scratch/network/mattonim/pfm_output/nct_inputs/28371/community_1.mat,/scratch/network/mattonim/pfm_output/nct_inputs/28371/community_1_config.yaml
28371,2,Salience,0.1103795436833851,0.1860182370820669,0.285350308863957,CinguloOpercular/Action-mode,0.0857582935620235,0.1862715298885518,/scratch/network/mattonim/pfm_output/nct_inputs/28371/community_2.mat,/scratch/network/mattonim/pfm_output/nct_inputs/28371/community_2_config.yaml
28371,3,CinguloOpercular/Action-mode,0.0370910338542812,0.1186095931997569,0.1885883386190993,Salience,0.0822683299735093,0.0449908925318761,/scratch/network/mattonim/pfm_output/nct_inputs/28371/community_3.mat,/scratch/network/mattonim/pfm_output/nct_inputs/28371/community_3_config.yaml
28371,22,CinguloOpercular/Action-mode,0.0490097731717164,0.2398428731762064,0.1064455745713716,Salience,0.0660097377347479,0.1609427609427609,NA,NA
28371,135,Default_Dorsolateral,0.0284426136475212,0.2994949494949495,0.3116730782094858,Salience,0.0646168100295046,0.1005050505050504,NA,NA
28371,157,Frontoparietal,0.043410669593928,0.3976124885215793,0.2095218399935058,Salience,0.083913084255198,0.1700642791551882,NA,NA
28371,183,Salience,0.0346878661273057,0.043351548269581,0.1673593176997622,Default_Retrosplenial,0.0462230455066927,0.0278688524590163,NA,NA
28371,184,Salience,0.1251255090834359,0.0709504685408299,0.3071862787172203,Default_Dorsolateral,0.0350119146482051,0.1939759036144578,NA,NA
28376,54,Salience,0.0630043620776164,0.187282986111111,0.0468352721154195,Default_Anterolateral,0.0467507958200466,0.241102430555556,NA,NA
28376,152,CinguloOpercular/Action-mode,0.0969562422086892,0.0134585289514866,0.3686322117230741,Salience,0.012382900013649,0.0769953051643192,NA,NA
28391,5,Salience,0.0826139242612996,0.0884386973180082,0.0954375682884748,CinguloOpercular/Action-mode,0.0351765263099042,0.1896072796934876,/scratch/network/mattonim/pfm_output/nct_inputs/28391/community_5.mat,/scratch/network/mattonim/pfm_output/nct_inputs/28391/community_5_config.yaml
28391,57,Salience,0.0925808476997032,0.0886688668866886,0.3382841971897588,Default_Dorsolateral,0.0357194647154539,0.1717271727172717,NA,NA
28397,101,CinguloOpercular/Action-mode,0.0118431732028002,0.2161616161616162,0.3974415462737153,Salience,0.0211982489216887,0.0864197530864197,NA,NA
28397,146,Salience,0.0091787184927779,0.1206349206349206,0.3203513397273207,CinguloOpercular/Action-mode,0.0660413808489781,0.0126984126984126,NA,NA
28402,49,Default_Retrosplenial,0.0797888661326339,0.1625065824117956,0.1926875978434386,Salience,0.0686559346462822,0.1583464981569247,NA,NA
28402,81,Salience,0.0666763275541689,0.2763620763620763,0.3868774086827188,Default_Dorsolateral,0.120980215218678,0.1098241098241098,NA,NA
28402,136,Default_Dorsolateral,0.1211249874190051,0.0017887856897144,0.262285064001377,Salience,0.0683528748114138,0.0025111799105607,NA,NA
28409,2,Salience,0.0771689168909139,0.0970663733039976,0.2665453799148811,Default_Dorsolateral,0.0664751339920715,0.0889674681753893,/scratch/network/mattonim/pfm_output/nct_inputs/28409/community_2.mat,/scratch/network/mattonim/pfm_output/nct_inputs/28409/community_2_config.yaml
28409,75,Salience,0.0836309895092356,0.2248366013071895,0.1809979590755542,Default_Dorsolateral,0.0642554571483257,0.2477850399419026,NA,NA
28409,129,Frontoparietal,0.0502820798436464,0.0419047619047619,0.0895458069653625,Salience,0.0292872325653873,0.066031746031746,NA,NA
28410,29,Salience,0.111008610219561,0.128715178476856,0.0151752023695531,Default_Parietal,0.0613883232815663,0.2292765596864739,NA,NA
28410,52,Salience,0.0328168080381778,0.1914893617021276,0.0281605791017934,Default_Anterolateral,0.0506932611752638,0.1205673758865248,NA,NA
28410,74,Frontoparietal,0.0060548082485454,0.4124579124579124,0.0895644158373649,Salience,0.0553450086955188,0.0414141414141414,NA,NA
28410,83,Salience,0.0810977109665655,0.1477124183006535,0.0681341013684944,Default_Dorsolateral,0.0447206556558523,0.2507792860734035,NA,NA
28410,121,Default_Dorsolateral,0.0272226894343632,0.1845972957084067,0.1698495639409211,Salience,0.0400595277463398,0.1072310405643738,NA,NA
28412,17,Salience,0.0357576607421045,0.3795808453342701,0.3280592078447236,CinguloOpercular/Action-mode,0.0466342750547289,0.2191546657300086,/scratch/network/mattonim/pfm_output/nct_inputs/28412/community_17.mat,/scratch/network/mattonim/pfm_output/nct_inputs/28412/community_17_config.yaml
28412,54,Salience,0.0442077406479276,0.1846695883818859,0.1501229034747671,Default_Anterolateral,0.0613684880040284,0.1156655495402596,NA,NA
28413,94,CinguloOpercular/Action-mode,0.0603642589296494,0.0809178743961352,0.1472529138450241,Salience,0.0543467934889956,0.0783413848631239,NA,NA
28413,150,CinguloOpercular/Action-mode,0.0718663315761329,0.0144444444444444,0.3527753185769803,Salience,0.0100090778560341,0.0766666666666666,NA,NA
28417,6,Salience,0.0445805217283866,0.0467238912732473,0.1177444872347796,CinguloOpercular/Action-mode,0.0183709544754717,0.101440152598952,/scratch/network/mattonim/pfm_output/nct_inputs/28417/community_6.mat,/scratch/network/mattonim/pfm_output/nct_inputs/28417/community_6_config.yaml
28417,10,Salience,0.0973567112003432,0.1291823041055389,0.1005500873334084,CinguloOpercular/Action-mode,0.0744159300426094,0.153565336062778,/scratch/network/mattonim/pfm_output/nct_inputs/28417/community_10.mat,/scratch/network/mattonim/pfm_output/nct_inputs/28417/community_10_config.yaml
28417,15,CinguloOpercular/Action-mode,0.1112826535789976,0.0308142150247413,0.3831719775266189,Salience,0.0543505455582825,0.0456140350877192,/scratch/network/mattonim/pfm_output/nct_inputs/28417/community_15.mat,/scratch/network/mattonim/pfm_output/nct_inputs/28417/community_15_config.yaml
28417,46,CinguloOpercular/Action-mode,0.107990749216501,0.1068166325835036,0.2464936890870579,Salience,0.0723656775343011,0.1278800272665303,NA,NA
28417,59,Salience,0.044327047672506,0.0329501915708812,0.2666939152646978,CinguloOpercular/Action-mode,0.1090401628989772,0.0105747126436781,NA,NA
28419,3,Salience,0.1002032620265917,0.1321400778210119,0.0267646354649079,CinguloOpercular/Action-mode,0.0705549128283668,0.1827756160830097,/scratch/network/mattonim/pfm_output/nct_inputs/28419/community_3.mat,/scratch/network/mattonim/pfm_output/nct_inputs/28419/community_3_config.yaml
28419,14,Salience,0.1073320038843826,0.1131365740740741,0.2381736803393441,CinguloOpercular/Action-mode,0.0639270558670792,0.1534143518518525,/scratch/network/mattonim/pfm_output/nct_inputs/28419/community_14.mat,/scratch/network/mattonim/pfm_output/nct_inputs/28419/community_14_config.yaml
28419,52,Default_Parietal,0.0853176642276911,0.2022960229602294,0.0041623957613544,Salience,0.1293865516262518,0.1328413284132841,NA,NA
28419,86,Default_Dorsolateral,0.0139129219215837,0.1816041206769683,0.1738713017418111,Salience,0.0994937242150124,0.0216335540838852,NA,NA
